DataSource	Name	Country	CatalogId	NoradId	BirthDate	Operator	Users	Purpose	DetailedPurpose	LaunchMass	DryMass	Power	Lifetime	Contractor	LaunchSite	LaunchVehicle	OrbitType	Epoch	SMA	Ecc	Inc	RAAN	ArgP	MeanAnom	OpsStatusCode	ObjectType
CELESTRAK	IRIDIUM 33		1997-051C	24946														2026-08-03T08:31:27.399936	7152651.8214472495	0.0008564	1.5078126300781773	5.762406983652511	2.750665081081843	3.535263883681878		
CELESTRAK	IRIDIUM 33 DEB		1997-051L	33773														2026-08-03T12:42:00.044352	7124370.357360794	0.00134007	1.5080412682101885	5.611273687734565	1.7379028760270936	4.550022745400909		
CELESTRAK	IRIDIUM 33 DEB		1997-051N	33775														2026-08-03T12:17:16.469088	7129598.739573845	0.00152695	1.5073536084849024	5.405518567546205	1.9180295814791686	4.564489779570691		
CELESTRAK	IRIDIUM 33 DEB		1997-051P	33776														2026-08-03T09:36:44.291232	7141282.59806202	0.00158126	1.5081023547340082	5.979752835403364	2.5168049239486194	4.77806921079574		
CELESTRAK	IRIDIUM 33 DEB		1997-051Q	33777														2026-08-03T07:00:35.729280	7080532.469960124	0.00070984	1.507575265299906	5.1224296535312295	2.971471920739402	3.3140660902718726		
CELESTRAK	IRIDIUM 33 DEB		1997-051T	33850														2026-08-03T13:17:11.158368	7127492.965344422	0.00140219	1.5069242574889121	5.054532854970146	1.9996621212534471	5.456169767768333		
CELESTRAK	IRIDIUM 33 DEB		1997-051W	33853														2026-08-03T01:14:35.921760	7272211.8949787365	0.02066971	1.5009115982157917	4.318106885054407	4.190209157468262	2.5631207263087923		
CELESTRAK	IRIDIUM 33 DEB		1997-051AD	33860														2026-08-03T10:55:27.908832	7036961.356129247	0.00063139	1.50761366254345	4.947517991884114	4.141664569653292	2.3566028972373116		
CELESTRAK	IRIDIUM 33 DEB		1997-051AF	33862														2026-08-03T11:10:09.840288	7026755.892982484	0.00460032	1.5081041000632602	5.1319556605886145	5.92689030301896	0.569729573057761		
CELESTRAK	IRIDIUM 33 DEB		1997-051AK	33866														2026-08-03T09:10:08.849568	7181226.104803744	0.01147938	1.5062941936289422	6.1797850209744345	2.273656124536281	4.528047304789048		
CELESTRAK	IRIDIUM 33 DEB		1997-051AP	33870														2026-08-03T13:37:28.633728	7113697.5896307435	0.00226731	1.507566538653646	5.549335443239791	2.153015475979929	4.356165534723395		
CELESTRAK	IRIDIUM 33 DEB		1997-051BA	33881														2026-08-03T10:53:45.034080	7062045.038440559	0.00558701	1.5077358355910895	0.07974758418212491	1.7964673990777635	5.676514095174113		
CELESTRAK	IRIDIUM 33 DEB		1997-051BD	33884														2026-08-03T04:15:02.547648	6995472.114026055	0.00111016	1.5073291738753747	4.604590464464512	3.3630452650705895	3.9664771459843613		
CELESTRAK	IRIDIUM 33 DEB		1997-051BF	33886														2026-08-03T13:13:03.643968	7148902.238446845	0.00135446	1.5077393262495937	5.738810132165546	3.3652723051961346	3.1119901241467174		
CELESTRAK	IRIDIUM 33 DEB		1997-051BG	33887														2026-08-03T02:25:57.967104	7145161.48593875	0.000605	1.5062331071051223	4.5870830667377565	3.075160186271133	3.720523602464068		
CELESTRAK	IRIDIUM 33 DEB		1997-051BN	33953														2026-08-03T06:55:29.064576	7079737.980882878	0.00171014	1.5077358355910895	5.449858657193122	0.709757338945266	0.23165580628795537		
CELESTRAK	IRIDIUM 33 DEB		1997-051BV	33960														2026-08-03T09:54:10.717920	6959750.235711759	0.00036849	1.5054895968437727	3.1125695734583796	1.1714859378896179	1.014833910876867		
CELESTRAK	IRIDIUM 33 DEB		1997-051CB	33966														2026-08-03T12:59:03.280416	7102136.242323672	0.0009373	1.5078510273217212	5.3343335686743645	2.310859562871792	5.039050039175704		
CELESTRAK	IRIDIUM 33 DEB		1997-051CE	34071														2026-08-03T14:12:54.088416	7102119.882135715	0.00092276	1.5069574187447	4.818695239794412	1.0537006479895286	5.23318824786279		
CELESTRAK	IRIDIUM 33 DEB		1997-051CL	34077														2026-08-03T08:06:15.299712	7043719.771279406	0.00065016	1.5077183822985694	5.380333466439928	5.335263829165678	2.188084376640251		
CELESTRAK	IRIDIUM 33 DEB		1997-051CN	34079														2026-08-03T03:01:14.348928	6973880.920168383	0.00054227	1.5074443656060064	4.569121883405483	3.550718774208288	3.7230560752087123		
CELESTRAK	IRIDIUM 33 DEB		1997-051CX	34088														2026-08-03T10:35:42.124128	6923126.8830475025	0.00050986	1.5074653095570303	4.919695698278072	1.6336334158544483	4.865122743226713		
CELESTRAK	IRIDIUM 33 DEB		1997-051DA	34091														2026-08-03T13:11:12.363360	6952702.434506044	0.0028883	1.5070446852072996	5.5558804279347695	3.095852809882778	3.1897550142985764		
CELESTRAK	IRIDIUM 33 DEB		1997-051DG	34097														2026-08-03T03:29:59.573760	7148956.076973693	0.00780591	1.5043952754027723	4.506571028343258	5.585448050792806	0.6898204428997349		
CELESTRAK	IRIDIUM 33 DEB		1997-051DY	34145														2026-08-03T11:20:46.541760	7123965.892768906	0.00534066	1.5046169322177756	3.983736706957333	0.780237224799301	5.512524703985978		
CELESTRAK	IRIDIUM 33 DEB		1997-051DZ	34146														2026-08-03T13:02:02.727168	7102574.402031018	0.0027092	1.5058456440111794	4.300037491308509	2.8050355779399707	6.276155120952553		
CELESTRAK	IRIDIUM 33 DEB		1997-051EN	34159														2026-08-03T06:30:07.751520	7139848.223272637	0.00259906	1.5071406783161596	5.386983170890026	4.14299276521406	2.137906160645414		
CELESTRAK	IRIDIUM 33 DEB		1997-051ES	34350														2026-08-03T09:29:32.890848	7117026.021253735	0.0023329	1.506631042174577	4.561683290133484	1.4830725879311575	5.024055915571821		
CELESTRAK	IRIDIUM 33 DEB		1997-051FJ	34366														2026-08-03T12:49:43.812768	7083770.445706597	0.00217657	1.5074338936304947	5.365927518793966	1.3501360947945054	5.166139679318175		
CELESTRAK	IRIDIUM 33 DEB		1997-051FT	34375														2026-08-03T02:32:10.903200	7208913.4482260505	0.01034321	1.5084287313041311	1.5461802030247687	1.8293371848805726	0.8231688337398576		
CELESTRAK	IRIDIUM 33 DEB		1997-051FU	34376														2026-08-03T02:21:20.443392	7049820.147162406	0.00269835	1.506058574179923	4.558634199930249	1.6737759886503178	4.6168967810203245		
CELESTRAK	IRIDIUM 33 DEB		1997-051GB	34486														2026-08-03T02:47:35.001312	6912444.252090421	0.00041319	1.507550830690378	4.587358828759572	0.5175163031550986	0.00688532389911763		
CELESTRAK	IRIDIUM 33 DEB		1997-051GC	34487														2026-08-03T11:30:59.256864	7124986.192752818	0.00330728	1.5069260028181641	4.742527325908128	1.3728341017166918	6.042082033650585		
CELESTRAK	IRIDIUM 33 DEB		1997-051GH	34492														2026-08-03T12:51:41.558688	7170797.425560807	0.01759849	1.5091355896511889	4.184543818716288	3.543582122896883	5.418505562510296		
CELESTRAK	IRIDIUM 33 DEB		1997-051GN	34497														2026-08-03T00:50:10.843872	7175938.863990819	0.00770667	1.5058718239499596	5.457642825657017	5.3587227996417335	3.9964182693023242		
CELESTRAK	IRIDIUM 33 DEB		1997-051GZ	34508														2026-08-03T10:02:29.009184	7136863.305183023	0.00658181	1.5075002161420703	0.05943369701816291	2.1764465211879527	4.119697855687691		
CELESTRAK	IRIDIUM 33 DEB		1997-051HN	34521														2026-08-03T04:33:21.078720	7051374.407710404	0.00043245	1.507559557336638	5.018001368396653	2.6994257049017936	3.5862484417911364		
CELESTRAK	IRIDIUM 33 DEB		1997-051HS	34525														2026-08-03T13:04:21.936576	7125236.929116717	0.000597	1.5075211600930942	5.358628551862126	1.0308979213122227	5.4405665242555035		
CELESTRAK	IRIDIUM 33 DEB		1997-051HW	34529														2026-08-03T06:22:33.578688	7133648.754337655	0.00065313	1.5073361551923827	5.163722398304164	2.387256114890088	3.898920686627416		
CELESTRAK	IRIDIUM 33 DEB		1997-051JF	34538														2026-08-03T02:13:10.075008	7124082.394185705	0.003159	1.5057391789268078	4.594135942245066	4.742766436015651	2.0293885690734146		
CELESTRAK	IRIDIUM 33 DEB		1997-051JH	34540														2026-08-03T09:50:44.126016	7007751.713246698	0.00180334	1.5064058947010697	3.496454742434532	1.3577474756624528	1.3817282995848548		
CELESTRAK	IRIDIUM 33 DEB		1997-051JZ	34648														2026-08-03T08:06:37.218528	7220262.28354609	0.01651337	1.5079470204305807	3.2706230998604817	4.924362708697905	1.3286790169704872		
CELESTRAK	IRIDIUM 33 DEB		1997-051KC	34651														2026-08-03T12:15:14.620896	7173499.189917815	0.01320766	1.5058648426329515	0.7108150084719747	2.9610488144464915	3.329049741900244		
CELESTRAK	IRIDIUM 33 DEB		1997-051KD	34652														2026-08-02T20:09:36.154656	7058690.175556785	0.0025948	1.5066921286983967	4.119329591215521	3.750419347221479	4.643809758086077		
CELESTRAK	IRIDIUM 33 DEB		1997-051KM	34690														2026-08-03T05:27:44.805024	7083495.770612577	0.00072175	1.507566538653646	5.156470555262127	5.4854302126780174	1.2957603619486222		
CELESTRAK	IRIDIUM 33 DEB		1997-051KT	34696														2026-08-02T15:44:59.631072	7006394.202529698	0.00562045	1.5040636628448933	4.846070729111943	1.5228084990113127	1.131463792812136		
CELESTRAK	IRIDIUM 33 DEB		1997-051LJ	34765														2026-08-03T06:21:07.838784	7133183.214540446	0.00172328	1.5068928415623761	5.1054859971528685	2.8219338557577798	4.543926310323693		
CELESTRAK	IRIDIUM 33 DEB		1997-051MH	34833														2026-08-03T06:00:33.169824	7091520.089842518	0.00201372	1.507871971272745	5.415025375981819	0.681715133853473	6.116532543552907		
CELESTRAK	IRIDIUM 33 DEB		1997-051MQ	34870														2026-07-31T10:37:41.545344	7005252.707242751	0.00189508	1.5063814600915417	3.630398290549585	1.836325483205558	0.8139866565451155		
CELESTRAK	IRIDIUM 33 DEB		1997-051MY	34896														2026-08-03T08:00:51.181344	7044431.209898223	0.00274024	1.506685147381389	3.8695415593285962	2.3114564654759744	5.091713604025381		
CELESTRAK	IRIDIUM 33 DEB		1997-051NF	34926														2026-08-03T02:43:00.945696	7061308.166437683	0.00681723	1.50322066881618	4.522821789008577	3.864349204803913	2.92334621194491		
CELESTRAK	IRIDIUM 33 DEB		1997-051NR	34985														2026-08-03T00:56:47.137344	7126963.718023291	0.00218126	1.5074845081788024	5.537893064663716	2.9392671053816026	5.52597770186035		
CELESTRAK	IRIDIUM 33 DEB		1997-051NX	35051														2026-08-03T10:23:04.438464	7108319.249812848	0.00094756	1.506576936967765	4.658388493327985	0.7871906165392465	5.499436479925272		
CELESTRAK	IRIDIUM 33 DEB		1997-051NY	35052														2026-08-02T10:44:18.976704	7140723.420669961	0.00128928	1.5067252899541845	4.899210768847414	0.8375625640810548	5.4496265284026055		
CELESTRAK	IRIDIUM 33 DEB		1997-051PM	35297														2026-07-31T02:05:22.538688	7116549.930830554	0.00180967	1.5077689968468775	5.661638653959366	1.7497815869161673	4.539065568356889		
CELESTRAK	IRIDIUM 33 DEB		1997-051PP	35299														2026-08-03T15:45:16.513632	7127686.6352792615	0.00557493	1.5059835250220872	5.08229580738162	0.9254049853339293	1.7418368481610886		
CELESTRAK	IRIDIUM 33 DEB		1997-051QA	35480														2026-08-03T14:47:17.035296	7101118.408085039	0.0014989	1.5071686035841914	4.9467884442567795	0.9077963585105586	5.379850010237125		
CELESTRAK	IRIDIUM 33 DEB		1997-051QE	35484														2026-08-03T08:13:44.632416	6883110.667967705	0.0009273	1.5069085495256442	4.210695832228172	0.10647555634716607	6.179072926639621		
CELESTRAK	IRIDIUM 33 DEB		1997-051QJ	35488														2026-08-03T09:09:56.686176	6982774.281322394	0.00211309	1.5066799113936329	3.3634798520543363	5.1470265786795855	1.1344640137963142		
CELESTRAK	IRIDIUM 33 DEB		1997-051QN	35616														2026-08-03T00:37:34.665888	6982340.468032353	0.0011392	1.5070726104753314	4.1652300052137194	1.4788715804216073	4.808722428448517		
CELESTRAK	IRIDIUM 33 DEB		1997-051QQ	35618														2026-08-03T09:25:53.657760	7093500.082175154	0.00270427	1.5069417107814318	4.384774971822086	5.556234729772924	0.725460066225459		
CELESTRAK	IRIDIUM 33 DEB		1997-051QS	35620														2026-08-01T23:57:24.811776	7128038.089416757	0.01254875	1.5077061649938057	2.0790204970123773	3.738050198812595	2.533055684613938		
CELESTRAK	IRIDIUM 33 DEB		1997-051QU	35622														2026-08-03T06:16:39.614304	6827359.496626732	0.00143382	1.504149183978241	2.5462049951984635	1.946574441395536	0.7281164573469945		
CELESTRAK	IRIDIUM 33 DEB		1997-051QX	35625														2026-08-02T22:25:53.177664	7162740.3847744865	0.01040568	1.5042608850503687	4.897083212489234	2.8705918899741296	5.626061862486713		
CELESTRAK	IRIDIUM 33 DEB		1997-051RA	35628														2026-08-03T09:58:53.460192	7036211.237632086	0.00090528	1.5071197343651357	4.616757154680164	4.065250564342477	2.218613675916136		
CELESTRAK	IRIDIUM 33 DEB		1997-051RD	35631														2026-08-03T10:26:40.075584	7110772.497221153	0.00188218	1.5073483724971466	4.892278321058493	1.1508177488875009	5.349294531022461		
CELESTRAK	IRIDIUM 33 DEB		1997-051RJ	35680														2026-07-27T23:30:59.056416	7192414.642657202	0.0144261	1.5027860818324337	4.8989350068256	4.8039384809688	3.5915228267906634		
CELESTRAK	IRIDIUM 33 DEB		1997-051RX	35744														2026-08-02T07:41:11.545728	7026729.033405291	0.00230597	1.5066834020521367	3.840539423148206	1.9518505717243146	4.3377470751270994		
CELESTRAK	IRIDIUM 33 DEB		1997-051SF	35797														2026-07-25T07:51:22.578624	6979432.33753403	0.00137087	1.5067846311487525	3.947732309817942	1.6012767568517257	4.686788490916437		
CELESTRAK	IRIDIUM 33 DEB		1997-051SQ	35806														2026-08-03T10:46:58.605024	7072465.614149339	0.00126398	1.506915530842652	4.84335499679584	0.1920298509506761	6.09374552483887		
CELESTRAK	IRIDIUM 33 DEB		1997-051ST	35809														2026-08-02T18:29:33.785088	7006170.3735879725	0.00135894	1.5066258061868212	3.9923568881329334	2.5078828008124243	3.779047982941942		
CELESTRAK	IRIDIUM 33 DEB		1997-051SW	35846														2026-08-03T13:32:53.251008	7123459.390494812	0.00199689	1.5075770106291577	5.56770503361703	2.084614277265019	4.204150847533193		
CELESTRAK	IRIDIUM 33 DEB		1997-051SY	35848														2026-08-03T09:52:02.775072	6994718.881369409	0.0010425	1.5076887117012856	4.721206383765765	1.8805399091463304	4.406767865726467		
CELESTRAK	IRIDIUM 33 DEB		1997-051TA	35850														2026-08-01T08:58:25.424832	6994752.282986871	0.00120497	1.506990580000488	4.159763633996473	1.8712530121964686	4.416372412600191		
CELESTRAK	IRIDIUM 33 DEB		1997-051TY	35915														2026-07-31T19:30:40.270176	6986058.640404049	0.00135224	1.5068945868916284	4.132075730742835	1.8579710565887915	4.429947583522203		
CELESTRAK	IRIDIUM 33 DEB		1997-051UB	35918														2026-07-30T03:04:05.154816	7094041.877016712	0.00279626	1.5080465041979447	5.88549632914941	2.1108692652027696	0.004771730174952496		
CELESTRAK	IRIDIUM 33 DEB		1997-051UN	35929														2026-08-01T06:08:17.114496	6878994.994778243	0.00076056	1.5069085495256442	3.5150774055533116	3.767340314319564	2.517126064530986		
CELESTRAK	IRIDIUM 33 DEB		1997-051US	36011														2026-08-03T13:15:58.331808	7129975.919613174	0.00194546	1.506927748147416	5.148033633657986	2.862195110942785	4.49616712067212		
CELESTRAK	IRIDIUM 33 DEB		1997-051UT	36012														2026-08-03T06:45:50.512032	7198014.596955703	0.02154821	1.508720201289214	3.7195252741319274	4.117900166558137	2.1313733932551995		
CELESTRAK	IRIDIUM 33 DEB		1997-051VK	36028														2026-08-02T05:03:16.660800	6922895.761226325	0.00110655	1.5064669812248894	3.4250829933327283	5.0350043659695825	1.2482385370753204		
CELESTRAK	IRIDIUM 33 DEB		1997-051VM	36080														2026-07-20T11:48:01.895904	7112122.30877909	0.00186953	1.5065420303827255	4.7501997932998945	2.554369645439293	3.732993979969568		
CELESTRAK	IRIDIUM 33 DEB		1997-051VQ	36083														2026-08-01T12:02:37.157280	7123448.2942100465	0.0026631	1.5069731267079678	5.136968246200341	3.0493834185484285	3.236398938558125		
CELESTRAK	IRIDIUM 33 DEB		1997-051VU	36390														2026-08-01T16:11:25.335456	7018990.794441895	0.003294	1.5060690461554347	3.365244379928103	1.470687731559006	4.82117884332		
CELESTRAK	IRIDIUM 33 DEB		1997-051VZ	36483														2026-07-30T01:12:56.074464	7114937.3267203495	0.00114187	1.5076468237992375	5.485411014056247	1.5906180311097962	4.6969497978215475		
CELESTRAK	IRIDIUM 33 DEB		1997-051WG	36490														2026-08-03T13:32:50.003232	7002327.3761738	0.00016884	1.507254124717539	4.615472592350696	0.992036420187317	5.293564422677029		
CELESTRAK	IRIDIUM 33 DEB		1997-051WK	36493														2026-07-26T22:17:41.373312	7045148.525826166	0.000728	1.5071598769379313	4.72823831532205	5.178695577957023	1.105308288641749		
CELESTRAK	IRIDIUM 33 DEB		1997-051WP	36497														2026-07-18T03:39:39.005856	7050301.606115664	0.00493005	1.5036971437019746	2.655413737154253	1.681457182688345	4.613652213940867		
CELESTRAK	IRIDIUM 33 DEB		1997-051XG	37136														2026-07-20T09:08:43.870848	7175266.753152475	0.00768797	1.5039921043455615	4.2038907934746454	0.041201987651830134	6.244669381246576		
CELESTRAK	IRIDIUM 33 DEB		1997-051XH	37548														2026-07-31T12:27:46.701792	7094290.358740697	0.00263181	1.5071302063406475	5.284996601378989	2.377086081338717	3.9118588123724507		
CELESTRAK	IRIDIUM 33 DEB		1997-051XK	37550														2026-08-01T11:31:17.168448	7037691.104275177	0.00047031	1.5075141787760862	4.9019387184682826	1.2861156725021015	5.000094290271192		
CELESTRAK	IRIDIUM 33 DEB		1997-051XX	37562														2026-08-01T00:07:51.278304	7075799.298378308	0.00246254	1.50753512272711	5.281114989122553	0.8661493118994699	1.309949888767336		
CELESTRAK	IRIDIUM 33 DEB		1997-051YA	37565														2026-08-03T10:18:54.436608	7095640.079422574	0.00133194	1.5070115239515116	4.671930502994209	0.49571539546843746	5.790836651838246		
CELESTRAK	IRIDIUM 33 DEB		1997-051YD	38017														2026-08-03T00:14:32.376480	7090138.935252451	0.00780647	1.5067549605514683	1.1205659569626834	0.8122832151951689	5.484278295371702		
CELESTRAK	IRIDIUM 33 DEB		1997-051YJ	38022														2026-08-02T21:39:59.873184	7127108.170897162	0.0043367	1.5056100245621602	4.785240768692185	0.036248743234670235	6.249331155678652		
CELESTRAK	IRIDIUM 33 DEB		1997-051YQ	38028														2026-08-03T10:06:07.710048	7114175.635448614	0.002985	1.5065943902602852	4.513777492824743	1.203540654931746	5.087306647664096		
CELESTRAK	IRIDIUM 33 DEB		1997-051ZC	38228														2026-08-03T12:58:08.119200	7177724.639213998	0.00650899	1.5061458406425225	5.39410935022592	2.72387427706373	3.7843485478802488		
CELESTRAK	IRIDIUM 33 DEB		1997-051ZR	38241														2026-07-31T09:47:14.625024	7083547.630531306	0.00038324	1.5065455210412295	4.34050469534525	0.6987146407678979	5.587069461667908		
CELESTRAK	IRIDIUM 33 DEB		1997-051AAB	38474														2026-07-26T21:48:48.219552	7098309.419865155	0.00260367	1.5069242574889121	4.737071426666394	0.9363324917806659	5.3531412366938556		
CELESTRAK	IRIDIUM 33 DEB		1997-051AAE	38477														2026-07-22T18:47:58.295904	7405816.617782935	0.03945022	1.508193111855112	0.407808397033239	5.461714678801919	0.7667929535711887		
CELESTRAK	IRIDIUM 33 DEB		1997-051AAJ	39777														2026-08-02T00:41:09.362976	7065559.36763214	0.00580183	1.500215211844246	1.0767215408233337	2.044398400640566	4.251255538715268		
CELESTRAK	IRIDIUM 33 DEB		1997-051AAK	39778														2026-08-03T11:51:02.969568	7084279.267195778	0.00048979	1.507580501287662	5.264124208854389	5.797146017084206	0.48768862623851555		
CELESTRAK	IRIDIUM 33 DEB		1997-051AAN	39781														2026-07-31T14:59:58.024032	7183950.98737149	0.0161755	1.507589227933922	2.8369140167276474	4.436099869135484	4.946264845481182		
CELESTRAK	IRIDIUM 33 DEB		1997-051ABJ	40996														2026-08-01T21:00:58.254336	6894968.552746775	0.0003508	1.506967890720212	4.382546186367289	3.4312003723609683	4.97894962638328		
CELESTRAK	IRIDIUM 33 DEB		1997-051ABL	40998														2026-08-03T01:49:42.181824	7117330.152881342	0.00082374	1.5077009290060495	5.479256983113714	0.7046976294437345	1.3596027606573227		
CELESTRAK	IRIDIUM 33 DEB		1997-051ABN	46435														2026-08-03T10:13:54.054048	7137050.867842373	0.0197343	1.5057164896465318	1.6139181766239203	3.9830036686714956	4.476413484198049		
CELESTRAK	IRIDIUM 33 DEB		1997-051ABR	46734														2026-07-28T22:03:20.124288	7125847.138965505	0.0036	1.5055175221118045	4.582370677757372	5.229999531319396	4.120062629501358		
CELESTRAK	IRIDIUM 33 DEB		1997-051ABX	46965														2026-08-02T00:45:27.518400	7065470.319465873	0.00164338	1.5067724138439884	4.145394338264803	4.407958180276327	2.3816029934428786		
CELESTRAK	IRIDIUM 33 DEB		1997-051ACE	46972														2026-07-31T00:16:39.254016	7098495.317047137	0.00109086	1.5077777234931375	5.239701816631233	1.0977998821996693	1.055693813995306		
CELESTRAK	IRIDIUM 33 DEB		1997-051ACG	46974														2026-08-02T03:31:18.769728	7106953.562135429	0.00892566	1.5062418337513823	0.058843775730988826	2.3253178703953132	3.9730535466058754		
CELESTRAK	IRIDIUM 33 DEB		1997-051ACM	46979														2026-07-29T23:28:45.181344	6890026.13600797	0.00170774	1.5065298130779616	5.22981976240644	2.250907503065787	4.037105384824816		
CELESTRAK	COSMOS 2251		1993-036A	22675														2026-08-03T08:46:31.866240	7158980.145393077	0.00260233	1.2921946542867977	4.345927433331196	4.828095583145654	1.4519289327585707		
CELESTRAK	COSMOS 2251 DEB		1993-036E	33757														2026-08-03T12:59:56.084640	7161082.486336907	0.0015487	1.2921545117140019	4.4816634345880475	3.862956432060821	3.429517874962046		
CELESTRAK	COSMOS 2251 DEB		1993-036F	33758														2026-08-03T11:23:06.328320	7093870.217716517	0.00161937	1.2920305933371103	2.3418251944606756	2.656309091060526	5.751910573531016		
CELESTRAK	COSMOS 2251 DEB		1993-036H	33760														2026-08-03T10:04:00.300288	7150548.09144831	0.0021739	1.292060263934394	3.709501848237724	4.512656991444962	4.402774552397903		
CELESTRAK	COSMOS 2251 DEB		1993-036J	33761														2026-08-03T07:38:16.224576	7126323.778551388	0.0023683	1.2921580023725059	3.1162975967406394	3.648247772809731	5.27880940918067		
CELESTRAK	COSMOS 2251 DEB		1993-036K	33762														2026-08-03T11:31:12.537408	7157439.273028081	0.00164112	1.2922278155425855	4.235493470240507	4.417147338788077	3.993758387522284		
CELESTRAK	COSMOS 2251 DEB		1993-036M	33764														2026-08-03T15:40:24.078144	7136871.281681711	0.00204729	1.292096915848686	3.5003398453494716	1.9037859494536429	0.24723286986200474		
CELESTRAK	COSMOS 2251 DEB		1993-036N	33765														2026-08-03T05:53:59.959968	6862823.016642292	0.00480595	1.291527938512536	0.7617314987404051	1.3233924146661962	4.971196873845921		
CELESTRAK	COSMOS 2251 DEB		1993-036P	33766														2026-08-03T00:27:08.493120	7151186.303764384	0.00634438	1.2947725055919934	1.2407702732060368	3.6330564270003727	2.646147784155415		
CELESTRAK	COSMOS 2251 DEB		1993-036R	33768														2026-08-03T10:13:27.080832	7418801.681663969	0.03680218	1.2927165077331442	3.536485614158274	5.383658318664976	3.6111961781191435		
CELESTRAK	COSMOS 2251 DEB		1993-036U	33779														2026-08-03T01:53:40.166304	7021434.852562039	0.0014979	1.2922889020664055	1.3291101132957297	1.0616593493786228	1.6039331479732608		
CELESTRAK	COSMOS 2251 DEB		1993-036X	33782														2026-08-03T09:32:22.843104	7133394.567804781	0.00215014	1.292084698543922	3.581358029227048	3.8660194848980716	5.050843228931431		
CELESTRAK	COSMOS 2251 DEB		1993-036AA	33785														2026-08-03T08:56:49.413696	7022970.129139269	0.00173082	1.2892136319243914	5.584528262277004	3.801206683125262	3.566280129819069		
CELESTRAK	COSMOS 2251 DEB		1993-036AE	33789														2026-08-03T07:36:29.479968	7309945.323314084	0.02400765	1.2926309865997963	0.8878332825262476	1.9502693034220075	1.0632423630101815		
CELESTRAK	COSMOS 2251 DEB		1993-036AG	33791														2026-08-03T09:41:02.783616	7122953.8430324625	0.00281561	1.2945962273375418	5.704828571629217	1.548433423089093	5.80130688202096		
CELESTRAK	COSMOS 2251 DEB		1993-036AH	33792														2026-08-03T09:27:10.558080	7464430.733458155	0.04310262	1.2898210065040856	5.795102236530121	6.2029979000259585	0.9967400825214416		
CELESTRAK	COSMOS 2251 DEB		1993-036AJ	33793														2026-08-02T18:09:36.917856	7175230.317441695	0.00777713	1.291192835296153	1.5034074190461435	3.2052081594957347	4.244754187251589		
CELESTRAK	COSMOS 2251 DEB		1993-036AL	33795														2026-08-03T12:40:54.636960	6892493.335422596	0.00293851	1.2923499885902252	5.461843833166567	5.893601638195672	0.5831214844083135		
CELESTRAK	COSMOS 2251 DEB		1993-036AN	33797														2026-08-03T12:20:46.353696	7075248.44379302	0.00626484	1.2923709325412491	5.415405857758754	5.8895036051119884	0.6080517674438005		
CELESTRAK	COSMOS 2251 DEB		1993-036AP	33798														2026-08-03T12:43:28.147296	7120702.53292596	0.00904482	1.2920288480078583	1.05329049561531	2.172744677844473	4.574164139614496		
CELESTRAK	COSMOS 2251 DEB		1993-036AQ	33799														2026-08-03T14:46:03.349920	6989318.933767965	0.00242806	1.2921370584214822	5.915034281410163	6.211944457771681	0.2957652403722111		
CELESTRAK	COSMOS 2251 DEB		1993-036AW	33805														2026-08-03T10:25:05.029536	7076620.393472515	0.0061112	1.2920358293248662	3.954240642598629	6.178732587435482	0.1051979753347062		
CELESTRAK	COSMOS 2251 DEB		1993-036BC	33811														2026-08-03T08:41:23.775936	6899052.362129444	0.00323127	1.2885434254916257	3.040534599240817	3.7434589741645254	5.322638117356751		
CELESTRAK	COSMOS 2251 DEB		1993-036BH	33816														2026-08-03T00:40:46.898976	7334510.69067059	0.02650016	1.28968487082243	1.2192014943098908	0.6769224597274967	5.6408482919096095		
CELESTRAK	COSMOS 2251 DEB		1993-036BK	33818														2026-08-03T05:37:52.563360	6818676.1335624885	0.0003128	1.2927741035984597	0.5839819317295466	5.108371026406416	1.1763466798564222		
CELESTRAK	COSMOS 2251 DEB		1993-036BL	33819														2026-08-03T12:08:09.252960	7159879.7648271285	0.00895676	1.2946765124831339	2.560502732430801	5.262289867810543	3.1438231843738422		
CELESTRAK	COSMOS 2251 DEB		1993-036BN	33821														2026-08-03T10:13:19.943328	6819448.1273030145	0.00342241	1.2919904507643143	0.042261402507790695	5.810440189996646	0.4717345715460354		
CELESTRAK	COSMOS 2251 DEB		1993-036BP	33822														2026-08-03T06:17:58.532928	7222837.949590759	0.0150623	1.29273047036716	2.459620956336277	2.2898492893362845	0.38476656024840994		
CELESTRAK	COSMOS 2251 DEB		1993-036BQ	33823														2026-08-03T03:37:45.736320	7273904.846596535	0.020793	1.2882100676044947	1.7465090945686776	3.224481830425508	5.773426992549602		
CELESTRAK	COSMOS 2251 DEB		1993-036BS	33825														2026-08-03T14:11:54.254688	7028702.724452557	0.00765072	1.291239959185957	5.088479508921436	3.550915996413763	3.9263642437857755		
CELESTRAK	COSMOS 2251 DEB		1993-036BT	33826														2026-08-03T10:24:12.076704	7088857.376067239	0.0083564	1.2926676385140883	5.749688769393228	5.524103218243709	1.8888284777640514		
CELESTRAK	COSMOS 2251 DEB		1993-036BV	33828														2026-08-03T14:37:18.674688	7120279.331365378	0.00289271	1.2923482432609732	2.8437295274566847	3.191751670962858	6.13470316639542		
CELESTRAK	COSMOS 2251 DEB		1993-036BX	33830														2026-08-03T12:27:12.310272	7009197.524717798	0.00422732	1.292086443873174	2.2851805335871993	3.3940929271343165	5.929548439469747		
CELESTRAK	COSMOS 2251 DEB		1993-036BZ	33832														2026-08-03T05:00:07.399008	7060248.2240206385	0.00218925	1.2924913602596366	2.1530975064547726	1.7551955982558534	0.9069638364573573		
CELESTRAK	COSMOS 2251 DEB		1993-036CC	33835														2026-08-03T12:36:58.586976	7057848.376201255	0.00548979	1.2925402294786927	0.22938687826036272	0.09881356093091095	1.0278593030845005		
CELESTRAK	COSMOS 2251 DEB		1993-036CD	33836														2026-08-03T14:18:18.675072	6996024.622128278	0.00243215	1.291477323964228	2.7201218191719425	5.245052996117847	4.0938530201241585		
CELESTRAK	COSMOS 2251 DEB		1993-036CE	33837														2026-08-03T08:57:10.217952	7100068.53516299	0.0033339	1.291786247241831	5.856646036613944	2.458191531678893	3.8312455448813365		
CELESTRAK	COSMOS 2251 DEB		1993-036CF	33838														2026-08-03T00:38:11.025600	7107149.364834386	0.00263242	1.2921684743480177	1.268458176459675	2.3952881201077663	0.23893208393951973		
CELESTRAK	COSMOS 2251 DEB		1993-036CG	33839														2026-08-03T11:53:50.404128	7055229.35850722	0.00837135	1.2922278155425855	2.0432045954322016	2.9810310890525744	0.0711902348595967		
CELESTRAK	COSMOS 2251 DEB		1993-036CJ	33841														2026-08-03T10:28:28.511040	7142797.825124601	0.002194	1.2921614930310097	3.624272184875085	4.14476078374633	4.796234597650496		
CELESTRAK	COSMOS 2251 DEB		1993-036CK	33842														2026-08-03T12:43:03.356544	7126293.07681581	0.00473036	1.292133567762978	2.539731569002816	3.4580836788294365	2.8241800945050963		
CELESTRAK	COSMOS 2251 DEB		1993-036CM	33844														2026-08-03T14:37:01.976160	7155789.479070513	0.00488698	1.2927287250379078	6.03191723608697	5.41703948593862	1.0990477926148452		
CELESTRAK	COSMOS 2251 DEB		1993-036CR	33848														2026-08-03T13:23:39.005376	7118416.500783628	0.00444103	1.292058518605142	4.921620796443022	4.990046429767459	3.247335171651122		
CELESTRAK	COSMOS 2251 DEB		1993-036CV	33892														2026-08-02T23:37:06.557088	7189941.821932097	0.0113858	1.2880774225813432	0.6330274290398392	0.4540666035280968	2.2491272672287526		
CELESTRAK	COSMOS 2251 DEB		1993-036CX	33894														2026-08-03T08:27:45.845280	7555773.004562872	0.0568274	1.287508445245193	6.06570506507633	4.078829225922992	2.112436570871061		
CELESTRAK	COSMOS 2251 DEB		1993-036CZ	33896														2026-08-03T15:44:47.161824	7204652.074302145	0.01250979	1.2874595760261371	1.6014408178014128	3.984532577096242	2.81074105926474		
CELESTRAK	COSMOS 2251 DEB		1993-036DC	33899														2026-08-03T09:18:31.648320	7062072.1563200075	0.00565613	1.2924965962473927	6.26195686748758	6.282965395693835	0.5219092968823683		
CELESTRAK	COSMOS 2251 DEB		1993-036DD	33900														2026-08-03T12:06:19.278720	7073863.0486970935	0.00479985	1.291843843107147	4.784382066700204	0.0802991082257551	1.0268958813373996		
CELESTRAK	COSMOS 2251 DEB		1993-036DJ	33905														2026-08-03T07:53:19.063104	7149394.22256329	0.00548511	1.2895190645434904	4.25873078390156	1.4405441500478118	5.084962670478667		
CELESTRAK	COSMOS 2251 DEB		1993-036DK	33906														2026-08-03T08:08:19.904064	7069972.851354386	0.00348711	1.2920026680690786	4.122633499489545	3.862476466516523	2.643625783386283		
CELESTRAK	COSMOS 2251 DEB		1993-036DL	33907														2026-08-03T06:46:49.701216	7159541.804892774	0.01155525	1.2927583956351918	5.732129011788913	5.731263328479924	1.014537204904028		
CELESTRAK	COSMOS 2251 DEB		1993-036DM	33908														2026-08-02T20:39:12.560256	7241037.335523808	0.02168296	1.2886882878195411	2.643227848316828	2.327565854471882	3.9895364360617096		
CELESTRAK	COSMOS 2251 DEB		1993-036DQ	33911														2026-08-03T13:37:06.102336	7005917.970636295	0.00099926	1.2930865175345667	1.1209115321545782	5.078606181342905	1.7293856692773615		
CELESTRAK	COSMOS 2251 DEB		1993-036DR	33912														2026-08-03T03:32:14.985888	7093389.148552453	0.00106496	1.292133567762978	1.9112926105664703	2.422037036223831	0.2064637238646692		
CELESTRAK	COSMOS 2251 DEB		1993-036DS	33913														2026-08-03T03:56:33.289152	7106001.122282705	0.00471165	1.2921265864459701	1.8494590858268152	2.655935590600599	5.843990654207734		
CELESTRAK	COSMOS 2251 DEB		1993-036DT	33914														2026-08-03T11:09:30.528288	7369599.7173234	0.03036877	1.2931388774121266	6.104802185650254	0.6676390534361388	0.41061139581194195		
CELESTRAK	COSMOS 2251 DEB		1993-036DU	33915														2026-08-03T14:06:48.221568	7150996.044457381	0.01063172	1.2923150820051854	5.677549075420545	6.2781500322875825	0.23564213829951042		
CELESTRAK	COSMOS 2251 DEB		1993-036DV	33916														2026-08-03T09:42:22.476384	7382016.043035825	0.03239585	1.292447727028337	0.28970720253853877	2.3838038536296433	4.417086252264257		
CELESTRAK	COSMOS 2251 DEB		1993-036DW	33917														2026-08-03T01:41:34.474560	7377949.251053049	0.03336151	1.2933727515318938	1.738103588891073	2.5378832653249543	3.7860135919866513		
CELESTRAK	COSMOS 2251 DEB		1993-036DZ	33920														2026-08-03T06:33:16.541568	7066599.287962852	0.00318334	1.2925524467834566	3.723743734933998	2.9645255103164647	3.3218293147847433		
CELESTRAK	COSMOS 2251 DEB		1993-036EB	33922														2026-08-03T14:03:54.281088	7103213.702155317	0.00221655	1.2923412619439651	1.2045738898489264	2.1199449773131405	4.712174304886695		
CELESTRAK	COSMOS 2251 DEB		1993-036ED	33924														2026-08-03T11:32:49.636320	7448544.823825248	0.04028548	1.2899903034415288	4.440142051683102	4.318178443553738	1.8917414322856299		
CELESTRAK	COSMOS 2251 DEB		1993-036EH	33928														2026-08-03T08:21:38.098368	7110782.974505178	0.0060657	1.290266065463344	5.8040697382268664	3.7980895250812	2.479702714709724		
CELESTRAK	COSMOS 2251 DEB		1993-036EM	33932														2026-08-03T12:46:28.802784	7138852.353843733	0.00379958	1.292089934531678	4.267216574724756	4.667273964549888	1.6103332703403241		
CELESTRAK	COSMOS 2251 DEB		1993-036EN	33933														2026-08-03T09:16:07.015584	7156781.500624437	0.00721711	1.2931126974733467	6.180387159566372	5.297414619006929	0.9757716968879818		
CELESTRAK	COSMOS 2251 DEB		1993-036EP	33934														2026-08-03T13:06:40.547232	7069032.055024532	0.00157758	1.2922051262623095	0.25194002285463346	1.2778061599333566	5.010433620760006		
CELESTRAK	COSMOS 2251 DEB		1993-036ER	33936														2026-08-03T12:47:27.045888	7066016.05626046	0.00274979	1.2918647870581708	5.412185725288824	0.7017235883983363	5.587034555082868		
CELESTRAK	COSMOS 2251 DEB		1993-036ET	33938														2026-08-03T11:10:48.079200	7111851.34273976	0.00160639	1.2923360259562093	2.277562171402244	2.8167327745868365	5.562465555202544		
CELESTRAK	COSMOS 2251 DEB		1993-036EU	33939														2026-08-03T13:10:36.114240	6836703.676921907	0.0009868	1.291451144025448	5.461651846948847	0.12013275774402168	6.165389545303986		
CELESTRAK	COSMOS 2251 DEB		1993-036EV	33940														2026-08-03T07:47:23.248032	7069084.366870122	0.00112413	1.2922138529085696	1.011322308421854	1.3894548721834337	1.6514881341023504		
CELESTRAK	COSMOS 2251 DEB		1993-036EX	33942														2026-08-03T09:43:52.545792	7142378.643022101	0.00217076	1.29214403973849	3.567065527982467	4.139376443003927	4.945856438436215		
CELESTRAK	COSMOS 2251 DEB		1993-036EZ	33944														2026-08-03T08:30:24.396192	7144132.348595682	0.01146305	1.2922016356038057	4.170602128651358	4.917842158612454	1.572482314852323		
CELESTRAK	COSMOS 2251 DEB		1993-036FA	33945														2026-08-03T12:19:09.320448	7154009.96704425	0.00241097	1.2920166307030945	4.151300532453552	4.731788315020607	1.548587012063269		
CELESTRAK	COSMOS 2251 DEB		1993-036FD	33948														2026-08-03T02:10:06.780000	7150382.090063879	0.00247391	1.292119605128962	4.1347775004249225	4.547254653207246	1.7330630780113134		
CELESTRAK	COSMOS 2251 DEB		1993-036FE	33971														2026-08-03T14:31:21.252576	7136350.130092978	0.00199193	1.2919625254962825	3.1654076712332557	4.052631833850557	4.334802704678984		
CELESTRAK	COSMOS 2251 DEB		1993-036FF	33972														2026-08-02T19:30:13.043808	7141820.786902248	0.01223101	1.2914406720499363	2.1031217486531673	4.084833158549852	3.233604666425682		
CELESTRAK	COSMOS 2251 DEB		1993-036FG	33973														2026-08-03T12:20:04.505856	7118218.256809931	0.00455372	1.2916832728159633	0.4594177830147114	2.613417624692765	4.777898168529045		
CELESTRAK	COSMOS 2251 DEB		1993-036FJ	33975														2026-08-03T11:41:08.918592	7269043.329100872	0.01902702	1.288058223959571	0.583597959294108	2.196456721062068	4.119846208674111		
CELESTRAK	COSMOS 2251 DEB		1993-036FP	33980														2026-08-03T14:06:25.494048	7071485.984769608	0.00285001	1.2919258735819905	5.814841910370176	0.9484014435582067	5.562596454896444		
CELESTRAK	COSMOS 2251 DEB		1993-036FR	33982														2026-08-03T12:46:41.254752	7067367.766671189	0.00756964	1.2927409423426721	4.784043472825317	4.519694158989004	2.929929593883433		
CELESTRAK	COSMOS 2251 DEB		1993-036FS	33983														2026-08-03T01:19:39.463104	7099019.907750477	0.00202579	1.292388385833769	1.1955697362378876	1.9610187862850406	0.8355048208929534		
CELESTRAK	COSMOS 2251 DEB		1993-036FT	33984														2026-08-03T11:42:36.079776	7044577.578045886	0.00229698	1.2916466209016715	4.44956508431462	0.3978251137118315	0.7951493179283406		
CELESTRAK	COSMOS 2251 DEB		1993-036FV	33986														2026-08-03T02:17:06.951840	7122964.250158441	0.0043039	1.29211785979971	3.993918957813468	4.350809119249025	2.9241368460960633		
CELESTRAK	COSMOS 2251 DEB		1993-036FZ	33990														2026-08-03T11:03:35.789760	7449383.188345648	0.04055773	1.290266065463344	4.72449283874727	4.324810694711316	2.111448714514432		
CELESTRAK	COSMOS 2251 DEB		1993-036GB	33992														2026-08-03T08:05:56.500800	7045710.588354573	0.00547734	1.2919066749602186	4.301093415505966	5.323641681676648	1.1670859628453403		
CELESTRAK	COSMOS 2251 DEB		1993-036GD	33994														2026-08-03T05:04:23.074752	7132169.521304036	0.00235155	1.2923046100296733	2.0648519141446875	3.4831850041316192	5.523984535854572		
CELESTRAK	COSMOS 2251 DEB		1993-036GE	33995														2026-08-03T12:08:30.669792	7150599.875891661	0.00601462	1.2925786267222363	0.8949769151546603	0.13806776113751543	6.148758302861731		
CELESTRAK	COSMOS 2251 DEB		1993-036GJ	33999														2026-08-03T10:05:34.408896	6979988.663414155	0.00403318	1.2900705885871206	2.1393006787177575	5.535449603710923	0.7443113674762497		
CELESTRAK	COSMOS 2251 DEB		1993-036GL	34001														2026-08-03T11:30:11.151936	7145499.706759713	0.00214594	1.2921789463235298	3.6948655171304994	4.220836195182258	4.821705932754103		
CELESTRAK	COSMOS 2251 DEB		1993-036GN	34003														2026-08-03T02:04:43.852224	7324232.8237373	0.02784609	1.2928491527562955	4.3982140070624425	5.408290150398373	0.8346304109377043		
CELESTRAK	COSMOS 2251 DEB		1993-036GP	34004														2026-08-03T03:02:56.282784	7101102.778149625	0.00305438	1.292103897165694	4.097073152594089	3.49415963446816	2.788947132895087		
CELESTRAK	COSMOS 2251 DEB		1993-036GQ	34005														2026-08-03T06:45:32.681664	7135098.241936546	0.00210493	1.2923430072732172	2.4800151286458307	3.6318277152069687	5.391014881462133		
CELESTRAK	COSMOS 2251 DEB		1993-036GR	34006														2026-08-03T11:45:38.689632	6888084.90230427	0.00036379	1.2925210308569206	0.41861722109084	2.700348984076099	4.042947001831241		
CELESTRAK	COSMOS 2251 DEB		1993-036GS	34007														2026-08-03T09:55:37.497216	7050746.373718561	0.00472735	1.291826389814627	4.475280765513504	5.763773576456822	0.516760575588985		
CELESTRAK	COSMOS 2251 DEB		1993-036GT	34008														2026-08-03T09:25:50.181888	7158917.846586864	0.00238623	1.2921161144704578	4.598277608560049	3.629382508924924	2.8879422080682056		
CELESTRAK	COSMOS 2251 DEB		1993-036GU	34009														2026-08-03T12:30:12.279744	7158576.6573768305	0.00288351	1.2921719650065218	4.706369339794561	4.967016810287394	2.480823216089504		
CELESTRAK	COSMOS 2251 DEB		1993-036GW	34011														2026-08-03T13:25:50.607264	7127195.01144769	0.00401218	1.2917408686812792	4.464840205928074	5.007784210955478	1.2697444841183947		
CELESTRAK	COSMOS 2251 DEB		1993-036GZ	34014														2026-08-03T09:23:59.334144	7021332.872157478	0.0040186	1.2918176631683669	3.2091281689957136	4.6327600785917005	4.469439148507078		
CELESTRAK	COSMOS 2251 DEB		1993-036HA	34015														2026-08-03T01:19:30.225216	7065454.279171669	0.0020879	1.2919485628622664	1.2759910175112825	1.9706023892077418	0.6813468693813023		
CELESTRAK	COSMOS 2251 DEB		1993-036HD	34018														2026-08-03T00:55:19.875072	7337262.475132968	0.02650568	1.2893759475448268	0.9881199013458417	0.8635766965820303	1.808862727425427		
CELESTRAK	COSMOS 2251 DEB		1993-036HE	34019														2026-08-03T14:49:41.225664	7153966.61388638	0.00603484	1.2907460310076424	5.939222799513551	1.8612976541430926	4.6648252676093405		
CELESTRAK	COSMOS 2251 DEB		1993-036HG	34021														2026-08-03T12:26:33.739584	7101792.707952284	0.00197344	1.2921457850677418	0.8831435828261388	2.387510932960879	4.391944784389279		
CELESTRAK	COSMOS 2251 DEB		1993-036HH	34022														2026-08-03T15:40:56.252640	7139115.082386756	0.00230642	1.292456453674597	3.4848378309332584	3.721998405682003	4.681423348795806		
CELESTRAK	COSMOS 2251 DEB		1993-036HJ	34023														2026-08-03T14:30:42.078816	7133367.760015023	0.00196712	1.2919642708255346	3.1199889681086077	3.933883122203367	4.468760215428053		
CELESTRAK	COSMOS 2251 DEB		1993-036HK	34024														2026-08-03T13:23:21.234624	7151155.771895278	0.00224366	1.2923133366759334	4.317145208636558	4.3087030510446604	4.1366432573953045		
CELESTRAK	COSMOS 2251 DEB		1993-036HM	34026														2026-08-03T12:30:59.396256	7393011.767975231	0.03458794	1.287501463928185	5.382911317745123	2.4784129163924997	4.104270890429314		
CELESTRAK	COSMOS 2251 DEB		1993-036HP	34028														2026-08-03T08:14:21.451776	7559734.533039651	0.05451447	1.2895208098727424	6.091073425754066	1.527590701161777	5.3297503340586285		
CELESTRAK	COSMOS 2251 DEB		1993-036HS	34031														2026-08-03T08:24:36.555840	7065474.8273913795	0.00229125	1.291749595327539	0.8489106948775219	1.9287912816469654	5.368716554938653		
CELESTRAK	COSMOS 2251 DEB		1993-036HW	34035														2026-08-03T07:12:19.188576	7089304.473734076	0.00410121	1.2926379679168045	4.692968701797748	3.826234704598861	4.561491303915764		
CELESTRAK	COSMOS 2251 DEB		1993-036HX	34036														2026-08-03T12:44:56.569056	6883436.785491065	0.0008873	1.2916012423411196	0.490629506028126	0.9192143024771054	5.367468644523477		
CELESTRAK	COSMOS 2251 DEB		1993-036HY	34037														2026-08-03T09:58:02.472096	7152212.498911329	0.00543193	1.2924529630160928	5.977771886702351	5.850814891583031	0.4298309615349035		
CELESTRAK	COSMOS 2251 DEB		1993-036JB	34040														2026-08-03T11:24:24.290496	7380841.105389041	0.03354044	1.2907914095681945	0.6872652808748151	5.36083813869515	0.8715755405439203		
CELESTRAK	COSMOS 2251 DEB		1993-036JG	34045														2026-08-03T11:55:12.332064	7155941.334634495	0.00277535	1.2921806916527818	4.242492240541004	4.749899596668552	2.770361121690599		
CELESTRAK	COSMOS 2251 DEB		1993-036JH	34046														2026-08-03T08:08:24.668160	7109149.979429274	0.00776762	1.2922086169208136	5.123304063486478	5.58209178264122	2.007111186500959		
CELESTRAK	COSMOS 2251 DEB		1993-036JM	34050														2026-08-03T13:47:18.483072	7283337.73589484	0.02183505	1.2930952441808268	5.736926921902645	5.884745837571053	0.6087062659132983		
CELESTRAK	COSMOS 2251 DEB		1993-036JQ	34053														2026-08-03T10:47:02.104224	7452642.474830306	0.04241407	1.2887738089528888	3.934516676721841	5.846299724808121	0.403816829033928		
CELESTRAK	COSMOS 2251 DEB		1993-036JT	34056														2026-08-03T13:16:50.625408	7197042.48617407	0.01258907	1.2925437201371965	0.3092688527948912	0.17640042749906687	0.9022531928062247		
CELESTRAK	COSMOS 2251 DEB		1993-036JV	34058														2026-08-03T07:54:40.428576	7427205.239002338	0.0376658	1.2903725305477158	2.781902984034038	1.9269656672493791	0.7557729446740964		
CELESTRAK	COSMOS 2251 DEB		1993-036JW	34059														2026-08-03T11:15:53.776224	7090248.838183074	0.00174763	1.2921929089575457	1.829810169107863	2.2162138481946436	0.8301361881138188		
CELESTRAK	COSMOS 2251 DEB		1993-036JY	34061														2026-08-03T08:43:20.538624	7134048.134683259	0.00212985	1.2922016356038057	3.340102912053124	3.816514965994504	5.101096494084103		
CELESTRAK	COSMOS 2251 DEB		1993-036JZ	34062														2026-08-03T11:11:21.230016	6990350.130710165	0.00679773	1.2919921960935665	0.6202254389764609	0.963079662567479	5.785497689656395		
CELESTRAK	COSMOS 2251 DEB		1993-036KB	34064														2026-08-03T08:51:39.108960	7126619.754842371	0.00230018	1.2920777172269142	3.441061482634736	3.7481347112306183	5.196290242146378		
CELESTRAK	COSMOS 2251 DEB		1993-036KC	34065														2026-08-03T08:12:25.629120	7142360.196144779	0.00176242	1.2921475303969938	3.2768260000220697	4.110843800392324	4.8170685929315535		
CELESTRAK	COSMOS 2251 DEB		1993-036KH	34070														2026-08-03T10:45:23.197824	6995705.6194817	0.00196977	1.291538410488048	0.24991893158082404	1.2433795404377683	5.598206407624884		
CELESTRAK	COSMOS 2251 DEB		1993-036KK	34114														2026-08-03T09:00:33.319296	7069588.08970909	0.00428683	1.2925629187589687	5.575642791055101	4.5720348379270614	2.7816464206339946		
CELESTRAK	COSMOS 2251 DEB		1993-036KL	34115														2026-08-03T04:56:17.085120	6997923.858615026	0.00310194	1.2916466209016715	2.4461382878646205	4.580335623849546	1.698755140904861		
CELESTRAK	COSMOS 2251 DEB		1993-036KM	34116														2026-08-03T03:32:39.914880	7089717.208349608	0.0011037	1.2922435235058536	1.7793928430055028	2.207480220617664	0.46203228623419884		
CELESTRAK	COSMOS 2251 DEB		1993-036KN	34117														2026-08-03T11:48:48.364416	7133811.142331494	0.00582793	1.2922051262623095	4.74058651977991	5.105477270506608	1.168969173108242		
CELESTRAK	COSMOS 2251 DEB		1993-036KP	34118														2026-08-03T12:32:01.200768	6933519.437716531	0.00545433	1.2906448019110266	2.309417920909645	4.55725189916267	4.780729092575779		
CELESTRAK	COSMOS 2251 DEB		1993-036KR	34120														2026-08-03T14:28:57.072576	7275748.684797046	0.01833748	1.2914022748063922	2.9850785075879496	5.367395340694894	4.018964432579586		
CELESTRAK	COSMOS 2251 DEB		1993-036KS	34121														2026-08-03T01:21:06.550848	7297278.586581457	0.02376692	1.2913760948676123	0.9956073638368973	3.7010596906458275	5.433394966359059		
CELESTRAK	COSMOS 2251 DEB		1993-036KT	34122														2026-08-03T12:39:54.944928	7046061.893164819	0.00795088	1.292166729018766	0.48346667477794125	3.920730320960338	3.347291923242089		
CELESTRAK	COSMOS 2251 DEB		1993-036KY	34127														2026-08-03T09:18:59.954688	7158743.054874246	0.01102912	1.2946695311661256	5.950366726787536	1.9782800925872646	5.550148766671219		
CELESTRAK	COSMOS 2251 DEB		1993-036KZ	34128														2026-08-03T08:14:25.161792	6889379.9195967605	0.00246959	1.2913045363682807	3.02749698972842	4.137128458927358	4.850276972609249		
CELESTRAK	COSMOS 2251 DEB		1993-036LA	34129														2026-08-03T11:52:18.964416	7009013.707802432	0.00350131	1.292063754592898	4.198386025013855	4.669216516007358	1.6090260187305803		
CELESTRAK	COSMOS 2251 DEB		1993-036LH	34136														2026-08-03T06:27:23.453280	7002626.135436212	0.00850152	1.2918979483139588	5.261483525696122	0.046345472957457425	1.0222864667828826		
CELESTRAK	COSMOS 2251 DEB		1993-036LL	34139														2026-08-03T14:27:58.260960	7064486.574720185	0.00409869	1.292060263934394	2.9151815617040806	3.2577268620174955	6.062373231534273		
CELESTRAK	COSMOS 2251 DEB		1993-036LN	34141														2026-08-03T07:48:30.521664	7097832.388900243	0.00524449	1.2917164340717513	5.392699124190307	5.920106208216458	1.5404380697857072		
CELESTRAK	COSMOS 2251 DEB		1993-036LQ	34270														2026-08-03T06:54:32.336928	7050414.997355396	0.00506687	1.2916780368282075	3.770448745717366	5.400940568918225	0.8764676984372604		
CELESTRAK	COSMOS 2251 DEB		1993-036LR	34271														2026-08-03T03:13:43.817088	7018612.5891451035	0.00169324	1.291845588436399	1.8059864248181403	1.9921886213964077	0.6342875567597792		
CELESTRAK	COSMOS 2251 DEB		1993-036LT	34273														2026-08-03T09:43:00.420672	7061456.880100217	0.00149114	1.2921894182990419	6.281611020194287	1.0035678105552435	5.826306978226526		
CELESTRAK	COSMOS 2251 DEB		1993-036LU	34274														2026-08-03T09:19:35.007168	7048109.009453723	0.00221006	1.2916256769506476	5.888826417362216	1.076271245876319	6.190164494036044		
CELESTRAK	COSMOS 2251 DEB		1993-036LW	34276														2026-08-03T13:23:54.079584	7076072.332033422	0.00218473	1.2919677614840384	0.0040334559013588955	1.4581754661514585	0.6815406009282737		
CELESTRAK	COSMOS 2251 DEB		1993-036MT	34297														2026-08-03T09:19:16.922784	7147237.9119711835	0.00183148	1.2923447526024694	3.7545906841337455	4.076706905552568	4.126125903322786		
CELESTRAK	COSMOS 2251 DEB		1993-036MX	34301														2026-08-03T00:29:43.955232	6952665.703894436	0.00111409	1.291552373122064	1.0108947027551156	1.625402443102043	1.0199006016954064		
CELESTRAK	COSMOS 2251 DEB		1993-036MY	34302														2026-08-03T08:13:27.558912	7135570.864929665	0.00771074	1.2946189166178177	0.9721326853975736	3.5687392987351294	3.708355166919164		
CELESTRAK	COSMOS 2251 DEB		1993-036MZ	34303														2026-08-03T10:51:53.750880	7081425.298386115	0.01355831	1.2915960063533636	3.5607701253705235	4.985334040787075	4.097064425947829		
CELESTRAK	COSMOS 2251 DEB		1993-036NA	34304														2026-08-03T00:04:52.455360	7138754.425006657	0.01266934	1.291744359339783	0.902172907660633	2.325059561666018	0.3257918848235215		
CELESTRAK	COSMOS 2251 DEB		1993-036ND	34307														2026-08-03T00:58:29.128224	7433141.687691524	0.03909683	1.2924896149303846	5.211876032366686	1.3723611174894013	6.023834616320985		
CELESTRAK	COSMOS 2251 DEB		1993-036NL	34314														2026-08-03T09:36:58.642272	7210590.346114641	0.01057036	1.2916029876703716	4.38434038483834	5.3069161914547855	1.183771310494406		
CELESTRAK	COSMOS 2251 DEB		1993-036NN	34316														2026-08-03T10:49:07.020480	6939354.457581226	0.00145502	1.2925995706732605	3.9217129413292104	4.787645832401433	1.494710443383456		
CELESTRAK	COSMOS 2251 DEB		1993-036NP	34317														2026-08-03T10:37:43.910976	7394221.253492207	0.03360673	1.2902294135490522	0.19044683731911727	5.525061404003053	1.2362655784066396		
CELESTRAK	COSMOS 2251 DEB		1993-036NT	34321														2026-08-03T00:45:06.721056	7100769.124016844	0.00150736	1.2920201213615983	1.3560422889832542	2.6465143032983334	5.677573510030073		
CELESTRAK	COSMOS 2251 DEB		1993-036NV	34323														2026-08-03T10:44:26.416608	7005979.23706591	0.00540972	1.2906919258008307	0.38308580817873944	0.23097687320892954	0.28441361891724		
CELESTRAK	COSMOS 2251 DEB		1993-036NX	34325														2026-08-03T06:31:25.127040	7252606.685893305	0.01901531	1.2892816997652192	2.4590641963048907	2.0013655626033935	0.691267320849638		
CELESTRAK	COSMOS 2251 DEB		1993-036NZ	34327														2026-08-03T08:15:29.362176	6961180.058233287	0.00318009	1.2913883121723764	1.0735240976336802	3.1322394341283553	6.196714714718779		
CELESTRAK	COSMOS 2251 DEB		1993-036PN	34340														2026-08-03T05:46:18.732576	7341385.502320101	0.0291334	1.2928666060488156	4.846386633706555	5.78889759103928	1.595278060212621		
CELESTRAK	COSMOS 2251 DEB		1993-036PR	34343														2026-08-03T10:55:31.663776	7029216.318580697	0.00187999	1.2918944576554547	6.193192640288254	3.698825669203275	3.568868453099777		
CELESTRAK	COSMOS 2251 DEB		1993-036PS	34344														2026-08-03T00:23:29.857056	7211022.914731449	0.01511717	1.2911352394308373	0.9312308943770865	3.2190590924395615	5.7541271416810496		
CELESTRAK	COSMOS 2251 DEB		1993-036PU	34346														2026-08-02T14:53:28.301280	7270272.54641614	0.02075594	1.2914040201356445	4.674724775126652	0.590003317648927	1.6042420712508638		
CELESTRAK	COSMOS 2251 DEB		1993-036PY	34383														2026-08-03T06:17:56.911200	6752871.970942302	0.00240153	1.2917059620962392	2.8003982381174213	3.516192670945336	2.7673696273526813		
CELESTRAK	COSMOS 2251 DEB		1993-036QC	34387														2026-08-03T06:26:48.139872	7122422.419893083	0.00383716	1.2922574861398695	2.4021472640681036	3.139941572117406	5.893624327475948		
CELESTRAK	COSMOS 2251 DEB		1993-036QD	34388														2026-08-03T06:48:56.352384	7102080.865491522	0.00122963	1.2922208342255774	2.5239136499919916	2.5323523169253845	0.18754959076080663		
CELESTRAK	COSMOS 2251 DEB		1993-036QE	34389														2026-08-03T08:35:02.503968	7129854.32516086	0.00306551	1.2918560604119107	3.0787922164445334	4.12612066733503	4.836871098624681		
CELESTRAK	COSMOS 2251 DEB		1993-036QM	34396														2026-08-03T10:49:40.433088	7007292.370501979	0.00068735	1.2920358293248662	0.43966240121138755	0.527887049570449	6.259014242368716		
CELESTRAK	COSMOS 2251 DEB		1993-036RA	34409														2026-08-02T11:24:01.436832	7076342.636100588	0.00810954	1.2926030613317643	3.9207983888011655	4.19031213189413	4.740795959290149		
CELESTRAK	COSMOS 2251 DEB		1993-036RB	34410														2026-08-02T03:31:19.317504	6710157.058375339	0.00247414	1.2865380421810841	1.9346870038602024	3.5124192691025247	2.771118594585965		
CELESTRAK	COSMOS 2251 DEB		1993-036RD	34412														2026-08-02T11:28:06.625344	7106588.344607738	0.0187254	1.2905872060457109	4.294249979508896	5.050216655729964	1.1998039050032259		
CELESTRAK	COSMOS 2251 DEB		1993-036RE	34413														2026-08-03T09:18:12.419136	7168391.287022466	0.00920845	1.2920428106418742	3.490119197249793	3.9034515613655936	5.023574204698272		
CELESTRAK	COSMOS 2251 DEB		1993-036RM	34420														2026-08-03T04:46:57.863712	7043240.554087514	0.01040465	1.2921213504582139	0.21277832509838468	1.2706869619144716	5.986121541843891		
CELESTRAK	COSMOS 2251 DEB		1993-036RS	34425														2026-08-03T09:33:56.309760	7060315.886033607	0.00265838	1.2918839856799427	5.691967240371271	0.474637054092102	5.813004078667826		
CELESTRAK	COSMOS 2251 DEB		1993-036RX	34430														2026-08-03T11:19:27.413184	7136079.298355038	0.00620161	1.292391876492273	4.047306834302723	4.294380879202795	1.9794721524663768		
CELESTRAK	COSMOS 2251 DEB		1993-036RY	34431														2026-08-03T10:27:00.288000	7171710.147767585	0.00667304	1.2928526434147996	1.9534527839776454	0.6746081531393522	5.618869360639244		
CELESTRAK	COSMOS 2251 DEB		1993-036RZ	34432														2026-08-03T13:09:05.568768	7259913.221222542	0.0182644	1.2885050282480817	0.8754065382520478	1.5795386810181362	5.278680254816022		
CELESTRAK	COSMOS 2251 DEB		1993-036SA	34433														2026-08-03T02:39:43.238304	7224012.607135698	0.01507425	1.2916919994622234	1.7650898697854094	3.2469058206551304	3.035113606584123		
CELESTRAK	COSMOS 2251 DEB		1993-036SB	34434														2026-08-03T12:16:01.643232	7300795.942820816	0.02808495	1.2925821173807406	5.79007917894288	0.9272742329628154	1.203463860444658		
CELESTRAK	COSMOS 2251 DEB		1993-036SP	34446														2026-08-03T09:13:38.192448	7105187.585367781	0.00500645	1.2922958833834133	5.917285756145235	0.9812258508004642	5.312279588246164		
CELESTRAK	COSMOS 2251 DEB		1993-036SS	34449														2026-08-03T08:38:09.511584	6905964.714747363	0.00197584	1.2920044133983302	5.455731690126083	5.4553529536784	1.9053235845246497		
CELESTRAK	COSMOS 2251 DEB		1993-036SU	34451														2026-08-03T09:06:38.772288	6897709.770656766	0.00172902	1.2923238086514455	5.744547029416852	5.237300243580488	1.0449774923880608		
CELESTRAK	COSMOS 2251 DEB		1993-036SV	34452														2026-08-03T07:39:15.403392	6887718.125381424	0.00553027	1.2919642708255346	0.9810914604480606	1.2522143971113635	5.043544261999589		
CELESTRAK	COSMOS 2251 DEB		1993-036SX	34454														2026-08-03T08:56:07.094976	7139599.192762201	0.00359924	1.2925297575031807	3.617098881649388	3.7645093902728286	2.5164907646832604		
CELESTRAK	COSMOS 2251 DEB		1993-036TC	34459														2026-08-03T09:37:17.288256	7269134.786347839	0.01921286	1.2928858046705873	3.6663642904454328	3.9167178090100023	2.341320794306849		
CELESTRAK	COSMOS 2251 DEB		1993-036TM	34468														2026-08-03T05:58:22.082880	7110117.334371326	0.00744238	1.291749595327539	0.6901974340181656	2.232923630453237	4.064079448414389		
CELESTRAK	COSMOS 2251 DEB		1993-036TR	34472														2026-08-03T07:52:18.237504	7374433.18848879	0.03302641	1.2929591084991714	1.286855692104947	2.6212366997417	3.697551578849319		
CELESTRAK	COSMOS 2251 DEB		1993-036TT	34474														2026-08-03T06:56:30.159744	7245076.63554399	0.02019296	1.2928456620977917	4.849688796651327	5.176407451307658	2.395612751348637		
CELESTRAK	COSMOS 2251 DEB		1993-036TV	34476														2026-08-03T12:21:43.834752	7328131.686629204	0.03048824	1.2916675648526954	0.8335675054232398	3.7620222960887375	2.48708545744566		
CELESTRAK	COSMOS 2251 DEB		1993-036TW	34477														2026-08-03T11:55:32.886624	7077308.581863695	0.00734407	1.291185853979145	5.995722598059112	1.9924207501869227	0.06947806686339027		
CELESTRAK	COSMOS 2251 DEB		1993-036TX	34478														2026-08-03T11:04:48.449568	6766368.76876173	0.00132952	1.2919520535207705	4.046259636751525	5.33415379976141	0.9489948555038847		
CELESTRAK	COSMOS 2251 DEB		1993-036UA	34481														2026-08-03T03:21:09.781056	7159142.387048944	0.00691896	1.2911963259546568	6.031559443590312	1.8341368403235572	5.442610304809589		
CELESTRAK	COSMOS 2251 DEB		1993-036UB	34482														2026-08-03T05:31:23.478240	7025367.880456479	0.00403781	1.2921580023725059	2.2570912046056026	2.373646037383036	0.4186329290541079		
CELESTRAK	COSMOS 2251 DEB		1993-036UE	34544														2026-08-03T08:55:11.848224	7431987.263653345	0.03820046	1.2900496446360967	3.2408634907847267	2.9867086451093123	5.979765052708128		
CELESTRAK	COSMOS 2251 DEB		1993-036UG	34546														2026-08-03T08:13:51.184128	7115857.352951302	0.00220153	1.2920620092636463	3.0235822162161963	3.4683793760869515	5.481140193376616		
CELESTRAK	COSMOS 2251 DEB		1993-036UH	34547														2026-08-02T20:06:37.533024	7017657.088245295	0.0018995	1.2920777172269142	0.0893172244708098	0.48430792347740254	5.802689182788539		
CELESTRAK	COSMOS 2251 DEB		1993-036UP	34553														2026-08-03T11:30:00.531648	7071502.685770133	0.00188326	1.2919642708255346	1.8549586182998492	2.2893623424749783	5.008079171599065		
CELESTRAK	COSMOS 2251 DEB		1993-036UQ	34554														2026-08-03T02:07:03.491040	7142167.815423019	0.00245996	1.2921702196772697	3.9997256682348525	4.210189686745093	3.0770538685095468		
CELESTRAK	COSMOS 2251 DEB		1993-036US	34556														2026-08-03T12:16:13.519776	6992585.708725978	0.00090796	1.291794973888091	0.39463988782694187	0.7153441378808998	0.3525809435123825		
CELESTRAK	COSMOS 2251 DEB		1993-036UW	34560														2026-08-03T13:06:00.918144	7016057.816874215	0.00151089	1.291810681851359	0.7787694028983738	1.282878086739652	5.436047866822091		
CELESTRAK	COSMOS 2251 DEB		1993-036UZ	34563														2026-08-03T12:43:52.451616	7112844.161370118	0.00133322	1.2922138529085696	2.2152678797400625	2.9796906761870434	0.07573856289029393		
CELESTRAK	COSMOS 2251 DEB		1993-036VA	34564														2026-08-03T07:08:47.471424	7133212.739826277	0.00198732	1.292110878482702	2.8929059244608766	3.830805721909834	5.068944038603863		
CELESTRAK	COSMOS 2251 DEB		1993-036VD	34567														2026-08-03T14:56:41.737920	7189263.072518926	0.0072992	1.2922609767983735	1.671325546380518	1.982428740219255	4.746419410140074		
CELESTRAK	COSMOS 2251 DEB		1993-036VF	34569														2026-08-02T21:04:56.131680	7185345.543071451	0.01574575	1.2913900575016286	2.3791839670996144	4.739942493285924	2.703600532472564		
CELESTRAK	COSMOS 2251 DEB		1993-036VG	34570														2026-08-03T06:33:33.255648	7270988.019688993	0.01900947	1.2908088628607142	3.0013763921430723	0.08408996336108679	1.0853364860111778		
CELESTRAK	COSMOS 2251 DEB		1993-036VH	34571														2026-08-02T17:29:44.003328	7094798.004575137	0.00625755	1.2921981449453015	1.8183712811902921	1.4706057010841622	4.827051876252961		
CELESTRAK	COSMOS 2251 DEB		1993-036VJ	34572														2026-08-03T12:08:27.818592	7092125.675653744	0.00638069	1.2917111980839955	0.5989533660531541	0.9177604432101942	5.917219433633659		
CELESTRAK	COSMOS 2251 DEB		1993-036VL	34574														2026-08-03T07:04:34.228704	7027398.946759334	0.00649395	1.2927426876719241	5.40054263384877	4.735896820079801	2.595133555448873		
CELESTRAK	COSMOS 2251 DEB		1993-036VN	34576														2026-08-03T00:35:30.686208	7081640.104161456	0.00078259	1.292114369141206	0.9715776706954393	2.294673379388797	0.3827349969990885		
CELESTRAK	COSMOS 2251 DEB		1993-036VR	34579														2026-08-03T07:11:34.027296	7117035.127010501	0.00263924	1.292470416308613	2.5970848335526022	2.8548856720354325	6.164668724322912		
CELESTRAK	COSMOS 2251 DEB		1993-036VU	34582														2026-08-03T08:59:54.688992	7122927.593568875	0.00504481	1.2918473337656509	3.447636137926999	4.428776467594115	1.846736372193704		
CELESTRAK	COSMOS 2251 DEB		1993-036WA	34588														2026-08-03T10:06:59.532768	7127998.659836329	0.00188825	1.2922662127861295	3.403414730669218	3.491363617006465	5.508444124194814		
CELESTRAK	COSMOS 2251 DEB		1993-036WB	34589														2026-08-03T10:04:21.882144	7319245.632379687	0.02485613	1.2902503575000759	0.3089616748465402	4.812349222634161	1.904936121430707		
CELESTRAK	COSMOS 2251 DEB		1993-036WC	34590														2026-08-03T07:53:34.829376	7087252.907190903	0.00703471	1.2922679581153815	4.198799668046578	5.414493050559961	1.0795158129557767		
CELESTRAK	COSMOS 2251 DEB		1993-036WE	34609														2026-08-03T06:56:30.515712	7194805.269044884	0.01416056	1.286862673421955	0.6902009246766696	3.8756118144670326	5.499343977474917		
CELESTRAK	COSMOS 2251 DEB		1993-036WF	34610														2026-08-02T00:17:15.268992	7243920.63509736	0.01818724	1.291791483229587	3.744237391010915	5.1011261646813875	1.1505367508779298		
CELESTRAK	COSMOS 2251 DEB		1993-036WG	34611														2026-08-03T11:18:38.845152	7027919.116617268	0.0021386	1.2924756522963687	0.12244182834441018	6.14818059887932	1.1924421062183137		
CELESTRAK	COSMOS 2251 DEB		1993-036WJ	34613														2026-08-02T18:44:21.577056	7177482.055750119	0.01107917	1.290868204055282	3.7502640129180516	6.1610140048692354	3.1997173536689605		
CELESTRAK	COSMOS 2251 DEB		1993-036WK	34614														2026-08-03T04:55:07.427712	7196939.988502933	0.01812132	1.2893742022155747	4.919749803484884	4.105136573738302	2.7038623318603636		
CELESTRAK	COSMOS 2251 DEB		1993-036WL	34615														2026-08-03T11:09:19.215072	7441335.615520852	0.03967496	1.2916466209016715	4.873608534049909	2.4109472141566592	4.185856306313789		
CELESTRAK	COSMOS 2251 DEB		1993-036WQ	34619														2026-08-03T03:15:58.883616	7054568.100960093	0.00923651	1.2923185726636892	1.9407258430721028	2.565049315132246	3.7303288622017723		
CELESTRAK	COSMOS 2251 DEB		1993-036WR	34620														2026-08-01T20:22:46.190208	7092432.7460391605	0.00725609	1.292411075114045	2.4926722563812933	2.1716521017327244	4.125583105925416		
CELESTRAK	COSMOS 2251 DEB		1993-036WT	34622														2026-08-03T02:32:15.400320	7194127.521985606	0.01081659	1.2922190888963256	4.328311825190817	4.824789929542376	1.9895444475796362		
CELESTRAK	COSMOS 2251 DEB		1993-036WX	34626														2026-08-03T07:50:01.201920	7024626.678379123	0.00298585	1.2923150820051854	3.9919868783315104	4.58541453197285	1.9125003784088503		
CELESTRAK	COSMOS 2251 DEB		1993-036XF	34634														2026-08-02T23:15:28.252800	7083216.854987308	0.0045722	1.2924599443331009	5.465383360889612	6.253874247721593	2.1554728995667367		
CELESTRAK	COSMOS 2251 DEB		1993-036XG	34635														2026-08-03T12:27:34.962624	7035485.976189059	0.0030446	1.2923377712854613	5.894729120892461	6.053213743619805	2.387755279056158		
CELESTRAK	COSMOS 2251 DEB		1993-036XJ	34637														2026-08-03T10:35:42.741024	7065562.296747404	0.00498169	1.292404093797037	0.25788461428692616	0.4238043396277671	0.11749556524425826		
CELESTRAK	COSMOS 2251 DEB		1993-036XN	34641														2026-08-03T09:19:14.706624	7092519.767123736	0.00155804	1.2887389023678488	6.205741557610093	4.013939629663095	2.808032308265645		
CELESTRAK	COSMOS 2251 DEB		1993-036XP	34642														2026-08-03T06:53:43.912320	7272779.655463547	0.02071018	1.2916047329996236	5.148058068267514	1.0683614137062811	6.222950504034759		
CELESTRAK	COSMOS 2251 DEB		1993-036XR	34671														2026-08-03T12:39:54.260640	7037638.88949386	0.00123984	1.2919887054350623	0.7240934734211474	1.1594710913188888	5.669637497921255		
CELESTRAK	COSMOS 2251 DEB		1993-036XS	34672														2026-08-02T19:13:30.115200	7147554.574834823	0.00258635	1.2920951705194341	4.141168896145725	4.501165743649832	4.865508460991404		
CELESTRAK	COSMOS 2251 DEB		1993-036XY	34678														2026-08-03T09:27:03.596832	7169540.086578042	0.00264048	1.2922173435670736	5.251662557995149	5.137004898114634	3.3311005037713377		
CELESTRAK	COSMOS 2251 DEB		1993-036YA	34680														2026-08-03T12:31:53.512032	7062593.870548059	0.00069706	1.2922941380541615	0.7442642435864459	1.2932156718992143	5.561636523807847		
CELESTRAK	COSMOS 2251 DEB		1993-036YB	34681														2026-08-03T08:27:40.104864	6982929.970970025	0.00238003	1.2925995706732605	3.257936301527735	3.413513205721258	5.667167857029683		
CELESTRAK	COSMOS 2251 DEB		1993-036YC	34682														2026-08-03T15:41:41.547840	7070277.122685762	0.00183065	1.2922400328473496	6.229263359939221	1.114790662467834	5.3621052477320985		
CELESTRAK	COSMOS 2251 DEB		1993-036YD	34683														2026-08-03T09:23:22.093152	7048905.9939752035	0.00192522	1.292060263934394	0.03459766176228359	0.9133412695441445	5.890098762386919		
CELESTRAK	COSMOS 2251 DEB		1993-036YF	34685														2026-08-03T13:55:16.047840	7073544.169741215	0.00141444	1.2920358293248662	1.1070344192719712	1.9042205364373892	4.925491936723946		
CELESTRAK	COSMOS 2251 DEB		1993-036YK	34689														2026-08-03T02:07:32.119680	7246857.302937034	0.02234538	1.293058592266535	3.0781446992920434	3.3108546844482034	5.193757769401734		
CELESTRAK	COSMOS 2251 DEB		1993-036YP	34721														2026-08-03T11:02:16.450368	7279821.309657146	0.02145338	1.2901840349885003	4.895193020909324	3.019791361080865	3.53228111599022		
CELESTRAK	COSMOS 2251 DEB		1993-036YQ	34722														2026-08-02T21:10:14.203776	7228998.474742006	0.01629725	1.289349767606047	4.888590440349029	2.816205685152734	5.5742081304099615		
CELESTRAK	COSMOS 2251 DEB		1993-036YU	34726														2026-08-03T09:16:24.435552	7070081.919597801	0.00439029	1.2919991774105744	4.542336315375127	6.082582398943114	0.20088041558753938		
CELESTRAK	COSMOS 2251 DEB		1993-036YW	34728														2026-08-03T13:34:39.948096	7030836.866335314	0.00433248	1.291815917839115	2.7318783570133767	4.468257560603478	1.808562530794084		
CELESTRAK	COSMOS 2251 DEB		1993-036YX	34729														2026-08-03T06:01:44.177664	6978302.546897684	0.00179122	1.2917705392785632	4.419817692543628	5.466704575133372	2.8911169619775827		
CELESTRAK	COSMOS 2251 DEB		1993-036ZA	34732														2026-08-02T16:49:19.137216	7111957.1135111675	0.00384076	1.292332535297705	0.31027416244403994	1.9165128903591855	4.59860223980092		
CELESTRAK	COSMOS 2251 DEB		1993-036ZG	34738														2026-08-03T14:17:12.828768	7114412.213331257	0.00460796	1.291794973888091	1.1518684370972017	2.7325503087753944	4.100392768831382		
CELESTRAK	COSMOS 2251 DEB		1993-036ZU	34750														2026-08-02T21:57:16.234272	7058916.75373738	0.00351022	1.2934006767999255	2.0383909773552014	0.043931682601949275	2.122669436275504		
CELESTRAK	COSMOS 2251 DEB		1993-036ZW	34752														2026-08-03T11:52:05.943936	6926454.741232567	0.00477197	1.2916989807792314	4.2294127431265585	5.3818239776211305	0.895959535523533		
CELESTRAK	COSMOS 2251 DEB		1993-036ZY	34754														2026-08-03T14:31:49.113120	7134097.811926747	0.00303385	1.292084698543922	2.703244485305157	3.803784534430458	3.460062882201199		
CELESTRAK	COSMOS 2251 DEB		1993-036ZZ	34755														2026-08-02T03:58:31.719360	7446863.356059202	0.04059955	1.290213705585784	4.822725205037267	4.425217741249299	2.3321962129774225		
CELESTRAK	COSMOS 2251 DEB		1993-036AAA	34756														2026-08-03T01:27:31.286592	7385602.507688223	0.03395415	1.2915994970118678	1.4044961196771208	4.668528856282072	1.5487039491231522		
CELESTRAK	COSMOS 2251 DEB		1993-036AAC	34758														2026-08-03T13:59:15.965088	7418899.4551741835	0.03871556	1.2933779875196498	4.937155972115023	6.1540937743850765	0.12122882451427414		
CELESTRAK	COSMOS 2251 DEB		1993-036AAE	34760														2026-08-03T12:07:42.333312	7203310.02815747	0.00976998	1.2926030613317643	4.275979872899019	4.22953666150345	3.2997107571742195		
CELESTRAK	COSMOS 2251 DEB		1993-036AAF	34761														2026-08-03T06:10:03.497088	7140409.115101228	0.00384703	1.2920358293248662	5.098597182595247	4.794805172993114	1.4827270127392624		
CELESTRAK	COSMOS 2251 DEB		1993-036AAM	34784														2026-08-03T01:25:57.959904	7065624.762705926	0.00510648	1.2915977516826158	4.142689077924213	6.032857968553796	0.24982642913046832		
CELESTRAK	COSMOS 2251 DEB		1993-036AAT	34790														2026-08-01T23:12:32.611104	7185579.921990833	0.0099825	1.2924634349916049	3.2341701531033284	3.357297895843772	3.939972575963575		
CELESTRAK	COSMOS 2251 DEB		1993-036AAV	34792														2026-08-03T02:02:44.051712	7078692.488983331	0.00122991	1.2918333711316348	1.5027302312963697	2.2234150766883727	0.4007136336238821		
CELESTRAK	COSMOS 2251 DEB		1993-036AAW	34793														2026-08-03T15:24:07.421184	7140053.70277595	0.00526592	1.2915802983900957	3.1084401244481614	4.843957135387778	4.513222478122608		
CELESTRAK	COSMOS 2251 DEB		1993-036AAZ	34796														2026-08-03T05:44:06.131904	7104687.877260536	0.00989082	1.2920672452514022	2.410601638964764	3.2078662959465216	5.728603446699885		
CELESTRAK	COSMOS 2251 DEB		1993-036ABA	34797														2026-08-01T17:44:14.489376	7119808.789557743	0.00714001	1.2911352394308373	0.46818108118897483	1.477688247188755	4.821725131375874		
CELESTRAK	COSMOS 2251 DEB		1993-036ABC	34813														2026-08-02T03:39:06.256800	7443786.973165333	0.04463727	1.290213705585784	2.0785824193701266	1.909182507500809	4.4611156733043185		
CELESTRAK	COSMOS 2251 DEB		1993-036ABD	34814														2026-08-03T09:13:33.335904	7143873.212569431	0.00516288	1.2896691628591619	4.394714621912194	1.5611027681293201	4.960733624980215		
CELESTRAK	COSMOS 2251 DEB		1993-036ABE	34815														2026-08-03T14:26:55.463712	7003963.69090901	0.00544005	1.2923220633221935	2.4679304689050214	2.665548864120584	3.6247102625173353		
CELESTRAK	COSMOS 2251 DEB		1993-036ABF	34816														2026-08-02T05:08:52.829376	7418383.550414628	0.03728886	1.2895592071162862	2.158169433261068	2.5542788883181893	0.11642916907128972		
CELESTRAK	COSMOS 2251 DEB		1993-036ABH	34818														2026-08-02T17:48:13.178880	7145745.496740186	0.00259884	1.2921265864459701	3.986422768676152	4.4063420053889795	3.9635868807430583		
CELESTRAK	COSMOS 2251 DEB		1993-036ABJ	34819														2026-08-03T06:25:32.255616	7048940.738194035	0.00160945	1.2918420977778948	0.9158056744479606	1.555859799056329	0.4441688413400369		
CELESTRAK	COSMOS 2251 DEB		1993-036ABN	34823														2026-08-03T10:25:42.373344	7084627.23087255	0.01523353	1.2922644674568775	0.34024146570078256	0.7752071858950534	5.53112293249523		
CELESTRAK	COSMOS 2251 DEB		1993-036ABP	34845														2026-08-02T22:44:31.509024	7116024.831482803	0.00215466	1.2919537988500225	1.2721774730956747	3.139412737354052	3.1458111143918637		
CELESTRAK	COSMOS 2251 DEB		1993-036ABQ	34846														2026-08-03T08:36:49.901760	7109013.7512217285	0.00261409	1.292060263934394	3.218292892897936	3.5319303048105692	2.7512933996125613		
CELESTRAK	COSMOS 2251 DEB		1993-036ABW	34852														2026-08-02T07:38:06.935712	7146047.299319849	0.00176898	1.292093425190182	3.406327685190797	4.325161505890968	1.9567619282394266		
CELESTRAK	COSMOS 2251 DEB		1993-036ABY	34854														2026-08-03T06:03:41.241024	7012158.165886508	0.00627202	1.2920253573493545	1.0477804911667639	1.9550968841330238	4.341797984320977		
CELESTRAK	COSMOS 2251 DEB		1993-036ACA	34856														2026-08-03T07:57:59.811264	6886818.368904294	0.002937	1.2916169503043875	5.57657828753417	0.5778977139570944	0.44576581760561174		
CELESTRAK	COSMOS 2251 DEB		1993-036ACB	34857														2026-08-02T21:43:03.457632	7069555.297707433	0.00642253	1.2918089365221068	0.37336432424513094	1.5197157755767787	1.0916685405374134		
CELESTRAK	COSMOS 2251 DEB		1993-036ACF	34861														2026-08-03T03:58:07.077216	6806755.9383968245	0.00140491	1.291500013244504	4.910590315570419	5.588214397657216	1.2065757825009638		
CELESTRAK	COSMOS 2251 DEB		1993-036ACM	34874														2026-08-02T19:30:14.155776	7145267.445736719	0.00521186	1.2922260702133337	0.09203644744541696	5.8627738876176965	1.618394946155286		
CELESTRAK	COSMOS 2251 DEB		1993-036ACN	34875														2026-08-02T08:08:50.170848	7105042.021968184	0.00152517	1.2922976287126653	1.4336082116003863	2.62115815992536	5.719519007943254		
CELESTRAK	COSMOS 2251 DEB		1993-036ACR	34878														2026-08-03T04:50:41.180064	7470680.298353025	0.04343385	1.290915327945086	0.6428379247652994	5.859246577199416	2.49063894780272		
CELESTRAK	COSMOS 2251 DEB		1993-036ACS	34879														2026-08-03T04:34:16.754880	7488069.943641179	0.04935484	1.2898733663816453	4.974385590389314	5.658060728992777	0.5708570557545494		
CELESTRAK	COSMOS 2251 DEB		1993-036ACV	34882														2026-08-03T05:10:56.161056	7064953.908311327	0.00826597	1.2923761685290052	2.4264946071334244	3.618732509829255	2.6588782157194615		
CELESTRAK	COSMOS 2251 DEB		1993-036ACW	34883														2026-08-01T09:21:16.797600	7079907.879660761	0.00883282	1.2950168516872724	6.085472664184417	1.727952753961474	4.5747366076091485		
CELESTRAK	COSMOS 2251 DEB		1993-036ACX	34884														2026-08-03T08:26:28.226976	6934726.859542694	0.00084555	1.2917618126323032	5.296606531563256	6.033610205461406	1.4073863849184234		
CELESTRAK	COSMOS 2251 DEB		1993-036ACY	34885														2026-08-03T10:39:51.082272	7095064.30142618	0.00144689	1.2920654999221501	1.7887687517472166	2.3522570273998458	0.699920663281026		
CELESTRAK	COSMOS 2251 DEB		1993-036ADD	34908														2026-08-03T07:25:06.024864	7142788.951296882	0.00414443	1.2925716454052285	5.483032130285778	4.822925917901247	2.582038350071159		
CELESTRAK	COSMOS 2251 DEB		1993-036ADE	34909														2026-08-03T14:14:07.952640	7009769.338698731	0.00816652	1.291819408497619	5.868245494822698	0.8884284398011775	5.4094193784244125		
CELESTRAK	COSMOS 2251 DEB		1993-036ADF	34910														2026-08-03T02:29:15.468864	7494904.882785551	0.04668356	1.289325332996519	1.6237461256419004	3.000873737318498	5.946767857869923		
CELESTRAK	COSMOS 2251 DEB		1993-036ADG	34911														2026-08-03T07:19:28.403904	7072427.213467178	0.00846611	1.2922627221276255	2.783393495215241	3.959434742452564	4.99736284999182		
CELESTRAK	COSMOS 2251 DEB		1993-036ADJ	34913														2026-07-29T18:40:51.366720	7154212.933179056	0.00222989	1.2919956867520703	3.8874957613438617	4.884551748459914	4.459897433486426		
CELESTRAK	COSMOS 2251 DEB		1993-036ADP	34918														2026-07-31T19:27:59.406336	7057270.665649816	0.00244333	1.292706035757632	4.039908383603518	2.504845927913954	0.6090099532031453		
CELESTRAK	COSMOS 2251 DEB		1993-036ADV	34924														2026-08-03T14:07:11.479584	7065778.109035237	0.00546451	1.2922539954813654	0.04522497157767707	0.4631021730656714	1.6976765274271284		
CELESTRAK	COSMOS 2251 DEB		1993-036ADX	34944														2026-07-30T06:32:55.822848	7221279.985343	0.02196	1.2871523980777861	3.101610651085107	6.069975885755959	0.20598550364962276		
CELESTRAK	COSMOS 2251 DEB		1993-036ADZ	34946														2026-08-03T09:24:02.996640	7061015.5883501405	0.00515971	1.2919101656187226	4.432579540034211	5.771880630832336	0.5082939833875606		
CELESTRAK	COSMOS 2251 DEB		1993-036AEC	34949														2026-08-03T03:23:08.805696	7022808.922718948	0.00770865	1.2918647870581708	0.23060686340750677	1.7248163972956403	4.575670358758966		
CELESTRAK	COSMOS 2251 DEB		1993-036AEG	34953														2026-08-03T05:34:53.959008	7035031.067725603	0.00553166	1.2931493493876385	5.167619718523867	3.9885346170710654	2.8356399263736916		
CELESTRAK	COSMOS 2251 DEB		1993-036AEJ	34955														2026-07-29T03:41:24.883872	6931349.333012425	0.00706965	1.2921702196772697	2.4468381648946704	2.6439800852244377	3.6480819665307913		
CELESTRAK	COSMOS 2251 DEB		1993-036AER	34962														2026-08-03T03:21:24.943392	7112913.375641977	0.00184966	1.2920620092636463	2.04367583433024	3.112925620625786	3.172394224228989		
CELESTRAK	COSMOS 2251 DEB		1993-036AES	34963														2026-08-02T15:45:40.137984	7093885.296889736	0.00401263	1.2945299048259662	5.7139653702634075	1.5769800283347126	4.716260120665613		
CELESTRAK	COSMOS 2251 DEB		1993-036AET	34964														2026-08-02T22:13:20.026272	7266216.7656068625	0.02079643	1.2910549542852454	5.264375536266677	1.911474124808678	4.413117373545222		
CELESTRAK	COSMOS 2251 DEB		1993-036AEU	34965														2026-08-03T05:23:33.216000	7106452.216198575	0.00250319	1.292423292418809	0.8929697865148668	2.080868800690239	4.208718374185662		
CELESTRAK	COSMOS 2251 DEB		1993-036AEW	34967														2026-08-03T03:47:06.280512	7119592.046603831	0.00412573	1.2914057654648963	3.107515099944604	4.725547017615474	1.5514074641344915		
CELESTRAK	COSMOS 2251 DEB		1993-036AEX	34968														2026-08-02T06:11:56.977440	7072216.351716362	0.00875138	1.2922225795548294	2.8570638429419217	3.9512718375409865	2.32123729060415		
CELESTRAK	COSMOS 2251 DEB		1993-036AEY	34969														2026-08-03T00:16:48.726048	7161157.705485513	0.00743078	1.2918089365221068	5.528218704619912	0.5723580389112645	5.720828004882249		
CELESTRAK	COSMOS 2251 DEB		1993-036AFA	34971														2026-07-31T09:16:27.056064	7084301.697701474	0.00694854	1.291131748772333	3.5998305940301565	0.26419921552064163	0.9395840401771314		
CELESTRAK	COSMOS 2251 DEB		1993-036AFB	34972														2026-08-03T08:11:12.882912	7016694.251684726	0.00333231	1.2913254803193044	5.441521219356345	0.7939014075131647	0.3409186534505564		
CELESTRAK	COSMOS 2251 DEB		1993-036AFF	34976														2026-08-03T09:56:23.748000	7007564.259966854	0.00443292	1.292480888284125	3.621671644289613	3.4665118737873173	5.442840688270853		
CELESTRAK	COSMOS 2251 DEB		1993-036AFJ	34979														2026-08-03T06:32:24.931392	6998258.961378669	0.00468406	1.2922173435670736	2.9023551370311744	3.2983825616134514	2.9854066294873247		
CELESTRAK	COSMOS 2251 DEB		1993-036AFN	34990														2026-08-02T14:04:47.403264	7127048.575132128	0.00161165	1.2923150820051854	3.1322725953841433	3.400424981660552	2.8839576213859015		
CELESTRAK	COSMOS 2251 DEB		1993-036AFV	34997														2026-08-01T08:06:28.067040	7111303.753974684	0.00897679	1.2893602395815589	4.089384977239054	2.8558298951607615	3.434499044647237		
CELESTRAK	COSMOS 2251 DEB		1993-036AFW	34998														2026-07-31T02:05:26.496672	7103324.834159508	0.0020847	1.2917007261084834	1.5168604169205158	3.1254902459108935	5.830265384970049		
CELESTRAK	COSMOS 2251 DEB		1993-036AFZ	35012														2026-08-02T12:24:15.654240	7117663.694780877	0.00795539	1.2918804950214389	0.6491752152792909	2.1071307699449977	4.19180787906309		
CELESTRAK	COSMOS 2251 DEB		1993-036AGB	35014														2026-08-03T14:15:31.036608	7007669.958563909	0.00095943	1.29148779593974	5.29516663493036	0.4660255995627619	5.820070916809151		
CELESTRAK	COSMOS 2251 DEB		1993-036AGC	35015														2026-08-03T14:19:50.204640	7109682.235775752	0.00741689	1.290634329935515	2.703024573819406	5.7404420150161615	3.610012844886292		
CELESTRAK	COSMOS 2251 DEB		1993-036AGD	35016														2026-08-02T17:21:14.053248	7151432.61295686	0.0110882	1.290276537438856	3.9149637531117487	1.5757548071998122	0.532761754171269		
CELESTRAK	COSMOS 2251 DEB		1993-036AGF	35018														2026-08-01T01:32:05.342208	7385758.546020698	0.03433722	1.2911492020648532	1.5500356353424243	5.4333338798352395	0.8010118788857895		
CELESTRAK	COSMOS 2251 DEB		1993-036AGH	35020														2026-08-03T03:12:41.429376	7061267.17897083	0.00896445	1.2923517339194772	1.9493285709551826	2.9146073483801747	3.3747058098031637		
CELESTRAK	COSMOS 2251 DEB		1993-036AGK	35022														2026-08-03T07:41:08.652192	7065777.793220772	0.00469066	1.2919188922649827	4.100607444329378	0.20050516979836056	6.086563494966913		
CELESTRAK	COSMOS 2251 DEB		1993-036AGL	35023														2026-08-02T22:47:23.160768	6933219.1980845025	0.00288168	1.292130077104474	1.7217132018855943	2.179486884744927	4.329638275422333		
CELESTRAK	COSMOS 2251 DEB		1993-036AGN	35025														2026-08-03T01:22:04.829376	7026699.66646518	0.00819497	1.2904842316198435	5.677824837442362	3.2386521586224504	3.045007878113679		
CELESTRAK	COSMOS 2251 DEB		1993-036AGP	35026														2026-07-30T19:08:40.154208	7091566.366583407	0.00846284	1.2923290446392013	4.266541132304234	5.2253098316192865	3.1210344203305525		
CELESTRAK	COSMOS 2251 DEB		1993-036AGR	35028														2026-08-03T08:45:17.434368	7081828.3472467	0.00845851	1.2921894182990419	3.2734592598949726	4.588645136418292	4.360158848051958		
CELESTRAK	COSMOS 2251 DEB		1993-036AGU	35031														2026-08-03T06:07:33.339072	7141544.752633075	0.00199992	1.2921911636282937	3.2978048576310415	4.045592920977264	2.2364649035055333		
CELESTRAK	COSMOS 2251 DEB		1993-036AGV	35032														2026-08-03T14:41:03.439968	7069901.469024857	0.00639638	1.2889169259515525	4.819754654650372	1.3345729938544721	1.2776351176666612		
CELESTRAK	COSMOS 2251 DEB		1993-036AGW	35033														2026-08-01T00:35:45.118464	7097185.536628929	0.00140092	1.2919904507643143	1.7613513745276375	2.7116971148725657	3.5746891261551785		
CELESTRAK	COSMOS 2251 DEB		1993-036AHB	35038														2026-08-03T08:17:37.609152	7180739.017696653	0.0110204	1.2934059127876818	5.974363258673206	4.689622905621675	2.114714225544913		
CELESTRAK	COSMOS 2251 DEB		1993-036AHG	35043														2026-08-02T16:13:26.796576	6978753.72281551	0.00750644	1.290597678021223	5.269075707942297	1.5436756555481566	4.756573735728178		
CELESTRAK	COSMOS 2251 DEB		1993-036AHJ	35045														2026-08-01T01:45:22.488480	7269047.999276793	0.01799147	1.2866549792409676	0.0695251907531941	3.6899384526521195	2.5762979621613495		
CELESTRAK	COSMOS 2251 DEB		1993-036AHP	35060														2026-07-31T14:08:06.138816	7129878.308085172	0.0018857	1.2921806916527818	3.0810105299238177	3.736282180280325	2.546808879119654		
CELESTRAK	COSMOS 2251 DEB		1993-036AHQ	35061														2026-08-03T06:15:27.397728	7040918.455998027	0.00422432	1.2922923927249095	3.736254255012293	4.65801673819731	1.6187754279322206		
CELESTRAK	COSMOS 2251 DEB		1993-036AHR	35062														2026-08-03T11:37:25.455360	7187214.888477061	0.01264561	1.2929015126338554	0.5822243851727884	5.885854121646069	0.38959414095942624		
CELESTRAK	COSMOS 2251 DEB		1993-036AHU	35065														2026-08-02T11:21:43.424064	7115654.7708585765	0.00199834	1.2918874763384467	2.087675584773017	3.370623484682749	2.9136805785473654		
CELESTRAK	COSMOS 2251 DEB		1993-036AJA	35071														2026-08-01T21:59:08.045376	6918773.225221596	0.0063561	1.2903393692919278	0.9409419063351829	4.409677329589542	1.8634409184645417		
CELESTRAK	COSMOS 2251 DEB		1993-036AJC	35073														2026-08-02T17:11:08.724480	6871814.271294719	0.00177571	1.2912609031369808	3.603624939823992	4.6655059460176185	1.6162237565658049		
CELESTRAK	COSMOS 2251 DEB		1993-036AJN	35284														2026-07-31T17:53:25.684224	7141486.406829357	0.0017497	1.2923709325412491	3.473238372724504	3.9512142416756704	5.384850378544089		
CELESTRAK	COSMOS 2251 DEB		1993-036AJR	35287														2026-08-02T09:59:30.782400	7148087.348154377	0.0019335	1.2920340839956141	3.6392488551864477	4.440225827487199	4.481637254649267		
CELESTRAK	COSMOS 2251 DEB		1993-036AJS	35288														2026-08-02T13:52:52.797504	7045328.843940711	0.00346204	1.290643056581775	4.948877603371417	1.6996033709213298	4.592493587418939		
CELESTRAK	COSMOS 2251 DEB		1993-036AJU	35290														2026-08-02T17:02:04.802784	6984235.1904095495	0.00075262	1.2915960063533636	5.524736772762182	0.18370288508941116	6.10181418197084		
CELESTRAK	COSMOS 2251 DEB		1993-036AKB	35433														2026-08-03T12:47:28.256352	7152976.089093825	0.00278858	1.292130077104474	4.711643724794087	4.75095726619526	2.73741279607145		
CELESTRAK	COSMOS 2251 DEB		1993-036AKC	35434														2026-08-03T03:55:41.058624	7182120.755868403	0.00862308	1.2922505048228614	2.653638737304975	2.931496899551724	3.3573380384165685		
CELESTRAK	COSMOS 2251 DEB		1993-036AKD	35435														2026-08-03T04:08:46.309344	6990661.654883769	0.00115729	1.2917111980839955	0.03374594108731036	0.7111972355781614	2.3322363555502186		
CELESTRAK	COSMOS 2251 DEB		1993-036AKH	35439														2026-08-03T08:52:20.547264	7293454.147058924	0.02391058	1.2918420977778948	1.641171492893812	3.6758920428320696	2.584598748083835		
CELESTRAK	COSMOS 2251 DEB		1993-036AKJ	35440														2026-07-21T02:40:22.514016	7039485.149701433	0.00696711	1.291801955205099	2.4460056428414694	3.9690532519603043	2.30589584647912		
CELESTRAK	COSMOS 2251 DEB		1993-036AKK	35441														2026-08-01T17:30:39.011616	7051976.830182437	0.00318076	1.2938404997714286	3.7503652420146674	0.6018942458427644	5.686918002845252		
CELESTRAK	COSMOS 2251 DEB		1993-036AKL	35442														2026-08-02T18:58:45.793920	6962481.854985863	0.00045561	1.2919747428010464	6.155467348506397	0.129578479655815	6.1557884890887635		
CELESTRAK	COSMOS 2251 DEB		1993-036AKM	35443														2026-08-02T01:18:02.984544	6841603.666879867	0.00455802	1.2909240545913458	3.63123430326129	4.838382553756909	1.4378633243167485		
CELESTRAK	COSMOS 2251 DEB		1993-036AKP	35445														2026-08-02T01:06:48.112416	7062957.640488665	0.01399696	1.2921230957874659	3.763694321512148	4.288951159899841	1.9706599850730575		
CELESTRAK	COSMOS 2251 DEB		1993-036AKQ	35446														2026-08-02T07:43:58.431648	7088035.156586934	0.0076877	1.2923203179929412	4.1597741059719855	5.188300124830747	1.0832735068353205		
CELESTRAK	COSMOS 2251 DEB		1993-036AKS	35448														2026-08-02T16:32:00.313728	7084646.72168339	0.00104477	1.2898611490768812	0.08390844911887939	2.1177807690406674	4.169221573213031		
CELESTRAK	COSMOS 2251 DEB		1993-036AKX	35453														2026-08-01T23:30:31.825728	7140329.669074068	0.00682147	1.2917042167669874	5.437601209856366	0.48121520004286855	5.81025169443743		
CELESTRAK	COSMOS 2251 DEB		1993-036AKZ	35455														2026-08-03T09:58:42.387168	7100437.071696708	0.01016849	1.2919869601058105	3.7597830386584286	4.585576847593286	1.6794448180607955		
CELESTRAK	COSMOS 2251 DEB		1993-036ALA	35456														2026-08-03T04:21:18.127584	7026648.6564381905	0.00598866	1.2906517832280346	0.36672858242904854	3.039970857892423	3.246500904268668		
CELESTRAK	COSMOS 2251 DEB		1993-036ALD	35459														2026-07-19T13:33:34.744608	7143923.597645623	0.0015743	1.2893008983869911	2.451164836110364	0.6700947316936948	5.617052472887918		
CELESTRAK	COSMOS 2251 DEB		1993-036ALG	35462														2026-08-01T15:44:14.655552	7167252.638899887	0.00837467	1.292119605128962	3.610330494810154	3.2900381424596667	2.992688143126645		
CELESTRAK	COSMOS 2251 DEB		1993-036ALK	35465														2026-08-03T11:26:35.569248	7120432.118881399	0.00646916	1.29152270252478	2.109279270254203	3.958125745513568	2.3176331856987824		
CELESTRAK	COSMOS 2251 DEB		1993-036ALP	35469														2026-08-02T22:30:13.290048	7103774.912280087	0.00761544	1.291857805741163	5.331343819665699	0.7352391460243832	5.560125068675619		
CELESTRAK	COSMOS 2251 DEB		1993-036ALV	35475														2026-08-03T06:39:08.587872	7025157.831009767	0.00198964	1.2918874763384467	1.2337435776375076	1.5818442609600207	4.707367668126703		
CELESTRAK	COSMOS 2251 DEB		1993-036ALW	35476														2026-08-03T11:01:16.328064	7002954.893468106	0.00143169	1.291138730089341	5.579379540983621	4.588304797214152	3.944566282554824		
CELESTRAK	COSMOS 2251 DEB		1993-036ALX	35580														2026-08-01T05:10:35.506272	7324897.367451151	0.02798288	1.2898175158455814	2.526079603593717	1.8547701227406341	4.484438508098718		
CELESTRAK	COSMOS 2251 DEB		1993-036AMA	35583														2026-08-02T08:30:56.072160	7428980.029659012	0.03845728	1.2900566259531048	3.400842115351779	3.077191749520454	3.2131494075923084		
CELESTRAK	COSMOS 2251 DEB		1993-036AMC	35585														2026-08-02T16:51:34.157952	7356237.701756108	0.03046024	1.2910689169192615	5.571455746179566	3.2054106176889654	4.3647124120704115		
CELESTRAK	COSMOS 2251 DEB		1993-036AMD	35586														2026-07-30T14:22:15.438720	7441872.535562564	0.04023728	1.2919346002282506	5.134329308371327	2.114323271792467	5.406283021758579		
CELESTRAK	COSMOS 2251 DEB		1993-036AME	35587														2026-08-03T00:31:22.475424	7032363.807849265	0.0099188	1.2916344035969076	5.651676314588983	1.6189621781621841	4.686092104544891		
CELESTRAK	COSMOS 2251 DEB		1993-036AML	35593														2026-08-03T10:55:35.618304	7181401.651301414	0.01017925	1.2929835431086991	3.9689729668147127	3.098186315092694	3.1879259092424865		
CELESTRAK	COSMOS 2251 DEB		1993-036AMM	35594														2026-08-03T02:59:16.320480	6963837.170311164	0.00282696	1.2881803970072108	6.144253608062334	0.9544699533673909	5.335380766225561		
CELESTRAK	COSMOS 2251 DEB		1993-036AMV	35602														2026-08-02T22:41:57.260832	6808608.768506506	0.00689698	1.2913865668431244	0.6358025025505104	0.6840957629531934	1.9168462482463162		
CELESTRAK	COSMOS 2251 DEB		1993-036AMZ	35606														2026-08-03T03:04:46.679520	7481794.715386784	0.04532923	1.2882519555065426	6.261005663045242	2.9173928938663574	3.388699859745654		
CELESTRAK	COSMOS 2251 DEB		1993-036ANE	35611														2026-08-03T01:32:02.414976	7011054.587022361	0.00207527	1.2918403524486428	1.4299604734637181	1.8364633642164654	4.452781726126045		
CELESTRAK	COSMOS 2251 DEB		1993-036ANH	35614														2026-07-28T09:16:08.150016	7042260.935932463	0.00725433	1.2907687202879183	4.2805596168562525	0.7414926607342789	5.553477109554773		
CELESTRAK	COSMOS 2251 DEB		1993-036ANL	35645														2026-08-02T20:26:41.935200	7110682.505489095	0.0068937	1.2909257999205979	0.17782112551019028	1.9356347176440352	4.362483626615615		
CELESTRAK	COSMOS 2251 DEB		1993-036ANM	35646														2026-08-01T00:05:43.084032	7482989.056961249	0.04591454	1.2892398118631714	0.8535515253585747	2.080432468377241	0.5325313707100059		
CELESTRAK	COSMOS 2251 DEB		1993-036ANN	35647														2026-07-29T18:30:33.344928	7121457.779419539	0.00488078	1.2918927123262025	3.9812949913337934	4.788384106675027	1.4870885905399966		
CELESTRAK	COSMOS 2251 DEB		1993-036ANR	35650														2026-08-03T14:39:28.704960	6974362.706267741	0.00168082	1.2922801754201454	4.76466159148192	4.924301622174085	3.9964409585825997		
CELESTRAK	COSMOS 2251 DEB		1993-036APB	35660														2026-08-03T06:10:24.153600	7101828.9202458775	0.00173162	1.2922225795548294	0.953236005586231	2.5444020700811536	5.817575095978798		
CELESTRAK	COSMOS 2251 DEB		1993-036APC	35661														2026-08-02T14:26:59.069184	6977629.419078582	0.00845064	1.291786247241831	5.8353791996783935	0.3025179192481771	5.987706300804701		
CELESTRAK	COSMOS 2251 DEB		1993-036APE	35663														2026-07-29T05:22:58.074528	7043108.583448392	0.00071094	1.2918612963996667	0.7507638497208728	1.1462903648078278	5.140232011901572		
CELESTRAK	COSMOS 2251 DEB		1993-036APJ	35667														2026-07-25T21:06:39.651840	7065059.873820948	0.00190773	1.2924861242718808	1.225701100444318	1.2846286519794023	5.004251664549442		
CELESTRAK	COSMOS 2251 DEB		1993-036APK	35668														2026-08-01T11:15:14.037408	7056565.080976341	0.00821852	1.292334280626957	2.3642963085801023	3.187531464831536	3.096961093957794		
CELESTRAK	COSMOS 2251 DEB		1993-036APL	35669														2026-08-01T03:24:08.814816	7422564.866210031	0.03861423	1.2891368374373036	2.473403821439276	3.7287423579117096	2.512649294999621		
CELESTRAK	COSMOS 2251 DEB		1993-036APM	35670														2026-07-30T23:15:10.572768	6941552.599501732	0.00297783	1.2896988334564459	5.480586924003734	3.9729540628385123	2.307902975118914		
CELESTRAK	COSMOS 2251 DEB		1993-036APN	35671														2026-08-02T20:26:22.763904	7108179.5874227155	0.00393882	1.2918665323874228	0.03675663404700058	2.0752470951695656	0.5465742898715522		
CELESTRAK	COSMOS 2251 DEB		1993-036APR	35674														2026-08-03T09:54:02.003616	7081877.3699575	0.00935354	1.2925140495399126	4.087381339257765	3.886619606059361	2.385870323464004		
CELESTRAK	COSMOS 2251 DEB		1993-036APW	35701														2026-08-03T11:26:34.855584	7336105.322370267	0.02882435	1.2914808146227321	4.69443128771092	1.1797291279467872	5.158236828465145		
CELESTRAK	COSMOS 2251 DEB		1993-036APY	35703														2026-07-31T13:54:45.889056	6964373.257868855	0.006377	1.2922557408106174	5.223913568217692	5.382865939184572	0.8924095358249766		
CELESTRAK	COSMOS 2251 DEB		1993-036AQA	35705														2026-08-02T06:14:14.298144	7004546.385548406	0.00211084	1.2962263648589045	0.8115606488848432	4.848737592208991	1.4323201586124144		
CELESTRAK	COSMOS 2251 DEB		1993-036AQB	35706														2026-08-03T04:17:44.186496	7390090.44168812	0.0345096	1.2895557164577824	0.6436564841844847	0.7760850865088066	5.556433697307652		
CELESTRAK	COSMOS 2251 DEB		1993-036AQG	35711														2026-08-02T11:09:24.856128	7057242.430779937	0.00840824	1.2923447526024694	2.3326604705584533	3.077776434819872	3.2085539556718072		
CELESTRAK	COSMOS 2251 DEB		1993-036AQM	35716														2026-08-03T02:01:48.080928	7070171.14218838	0.00903567	1.29143543606218	1.8774506763703	4.412675805244468	3.060502911212885		
CELESTRAK	COSMOS 2251 DEB		1993-036AQN	35717														2026-07-31T14:08:13.812000	7136355.48534329	0.0076887	1.2943379186082467	2.6973417817749126	5.363735385253461	0.9092659257407378		
CELESTRAK	COSMOS 2251 DEB		1993-036AQP	35718														2026-07-26T07:13:27.569856	7031571.93310192	0.00109711	1.292084698543922	0.9070511029199569	0.9181740862429169	5.368796840084245		
CELESTRAK	COSMOS 2251 DEB		1993-036AQS	35721														2026-07-31T10:27:29.743488	7149536.658397343	0.01456104	1.2906587645450427	1.958433953662837	3.6330389737078526	2.6383234731187244		
CELESTRAK	COSMOS 2251 DEB		1993-036AQV	35724														2026-08-02T08:31:35.696928	7075553.926593479	0.006147	1.2920654999221501	3.8355704707677787	5.473055828281379	0.8032720802671222		
CELESTRAK	COSMOS 2251 DEB		1993-036ARD	35759														2026-08-01T12:09:18.390240	7053413.0681597255	0.00764566	1.2921981449453015	2.26976927629209	3.3316345745224476	2.9507112292869295		
CELESTRAK	COSMOS 2251 DEB		1993-036ARJ	35764														2026-07-24T19:57:45.372096	7006881.497737674	0.0026191	1.2919380908867544	4.581168145902748	5.6631361464575765	0.6190560683776247		
CELESTRAK	COSMOS 2251 DEB		1993-036ARR	35771														2026-08-03T12:42:04.027392	7210885.717319734	0.01990608	1.2942576334626552	4.499148143034526	2.326089305924695	3.9884211706696857		
CELESTRAK	COSMOS 2251 DEB		1993-036ART	35773														2026-08-03T02:09:08.537760	7060695.68794336	0.00468911	1.2916169503043875	4.411605918412995	6.123880379703804	0.15984423421464866		
CELESTRAK	COSMOS 2251 DEB		1993-036ARX	35777														2026-08-03T00:16:23.487744	7481748.176357108	0.04491388	1.2875677864397608	5.41033567628171	2.9704945363582853	0.08419642844545845		
CELESTRAK	COSMOS 2251 DEB		1993-036ASE	35784														2026-08-03T03:52:28.600896	7102192.067441227	0.00403843	1.2922086169208136	0.1956583904655723	1.4267612849448126	4.866436976153465		
CELESTRAK	COSMOS 2251 DEB		1993-036ASG	35786														2026-08-02T06:34:23.873952	7043768.268246262	0.00354734	1.291789737900335	5.480846978062281	0.3693745015750719	5.918395785549503		
CELESTRAK	COSMOS 2251 DEB		1993-036ASK	35789														2026-08-01T23:53:02.302656	7149445.813538262	0.00492119	1.292173710335774	3.80479333473811	4.580634075151639	1.6948037154783455		
CELESTRAK	COSMOS 2251 DEB		1993-036ASP	35793														2026-08-02T23:46:20.152992	6993115.491548644	0.0006974	1.2922505048228614	5.574967348634579	6.016938820446356	2.362872119910475		
CELESTRAK	COSMOS 2251 DEB		1993-036ASW	35824														2026-08-03T04:03:42.017184	7309488.092953877	0.02533947	1.2888296594889526	0.12570559404563958	0.8968566347590581	5.427377071098182		
CELESTRAK	COSMOS 2251 DEB		1993-036ASX	35825														2026-08-02T23:59:09.496608	7371423.107320205	0.03524279	1.2934827072747694	2.074212114923133	2.7790022468172233	3.531874454274505		
CELESTRAK	COSMOS 2251 DEB		1993-036ATB	35829														2026-08-02T18:18:08.031744	7000933.478330344	0.00084613	1.2919782334595504	6.280340420498836	0.25300467369835	6.032655510360565		
CELESTRAK	COSMOS 2251 DEB		1993-036ATC	35830														2026-08-03T05:49:25.465440	7183848.619279211	0.01157815	1.2890862228889959	3.5035617231486524	2.1679659663525124	4.13648268710412		
CELESTRAK	COSMOS 2251 DEB		1993-036ATG	35834														2026-08-02T21:10:51.597696	7226767.555365417	0.01103673	1.290327151987164	4.3562667638200105	0.006551966011986713	3.1112902471166675		
CELESTRAK	COSMOS 2251 DEB		1993-036ATH	35835														2026-08-02T09:11:31.205184	7329401.257560179	0.02952166	1.2925925893562527	4.136152819875495	5.670208220586658	0.5815053095209667		
CELESTRAK	COSMOS 2251 DEB		1993-036ATJ	35836														2026-08-02T08:56:56.241888	7020128.15127258	0.0022241	1.2920550279466383	1.3787769478197325	1.4721171562163893	4.817543322488096		
CELESTRAK	COSMOS 2251 DEB		1993-036ATK	35837														2026-08-03T06:41:34.154592	7394253.005797234	0.04085739	1.2867666803130953	3.1145505221593934	1.1378098099723872	0.04385139745635753		
CELESTRAK	COSMOS 2251 DEB		1993-036ATN	35840														2026-07-29T22:21:38.065248	7136028.628654184	0.01101578	1.290327151987164	1.6138256741735648	5.324620811387017	0.9426156770878454		
CELESTRAK	COSMOS 2251 DEB		1993-036ATW	35883														2026-08-03T08:38:28.041792	7100379.773924879	0.00824037	1.2919799787888024	6.114518433596106	1.0602246887334834	5.738115491123253		
CELESTRAK	COSMOS 2251 DEB		1993-036ATX	35884														2026-07-31T10:48:44.223840	7179392.718288569	0.01126081	1.2913411882825725	4.846130070306511	0.16821832396571745	6.12067420986789		
CELESTRAK	COSMOS 2251 DEB		1993-036ATY	35885														2026-08-03T08:29:33.923040	7143653.176239027	0.00253335	1.2919904507643143	3.918518988798061	4.431794141870814	1.8485358066525104		
CELESTRAK	COSMOS 2251 DEB		1993-036AUA	35887														2026-07-31T06:51:56.203488	7104290.554791153	0.00788231	1.291164910028121	1.249936742437511	2.9864328830874975	3.3012518829037303		
CELESTRAK	COSMOS 2251 DEB		1993-036AUB	35888														2026-07-31T21:15:22.526496	7074176.3880755305	0.00502139	1.2920986611779381	4.823343051592473	6.068850148388423	0.21422520304828802		
CELESTRAK	COSMOS 2251 DEB		1993-036AUD	35890														2026-08-02T02:24:12.248928	7069379.546545757	0.00555422	1.2904179091082675	2.741578896995961	4.0483679944879345	2.2280925590837173		
CELESTRAK	COSMOS 2251 DEB		1993-036AUE	35891														2026-08-02T23:33:07.444224	6746687.917264976	0.00253856	1.2911003328457973	5.278570299073146	0.01138478271075901	6.273980440704568		
CELESTRAK	COSMOS 2251 DEB		1993-036AUJ	35895														2026-07-28T23:07:01.242912	7262925.784608385	0.02060522	1.292445981699085	5.433415910310083	6.217140302954868	0.06528404067084789		
CELESTRAK	COSMOS 2251 DEB		1993-036AUM	35898														2026-08-03T04:16:29.631936	6950917.179983971	0.00789318	1.2913551509165884	3.213615410502591	4.683838884480566	1.8131422747513173		
CELESTRAK	COSMOS 2251 DEB		1993-036AUR	35902														2026-07-15T16:55:37.765344	7176933.052496119	0.01050095	1.291245195173713	3.5612343829515534	4.727953826653975	1.5362388076054088		
CELESTRAK	COSMOS 2251 DEB		1993-036AUU	35905														2026-08-01T01:41:05.889120	6938325.658082953	0.00833661	1.2920759718976622	1.7421789326944799	2.0830050836946805	4.216844627182947		
CELESTRAK	COSMOS 2251 DEB		1993-036AUW	35956														2026-07-25T08:08:55.531104	7232118.59822939	0.02265181	1.2928753326950757	3.8085597552639148	4.229976484474953	2.0147836538927257		
CELESTRAK	COSMOS 2251 DEB		1993-036AUZ	35959														2026-08-03T11:46:03.494208	7155615.633250975	0.00236788	1.2920689905806542	4.260277145618827	4.735305153463376	1.5451556947538478		
CELESTRAK	COSMOS 2251 DEB		1993-036AVB	35961														2026-07-31T13:44:02.201280	7249561.524963135	0.0185739	1.290232904207556	2.7536007248836976	0.757759129362866	5.552642842172319		
CELESTRAK	COSMOS 2251 DEB		1993-036AVR	35975														2026-07-29T21:40:28.400736	7175859.286840731	0.01132997	1.292384895175265	4.798266160899819	5.234498990131037	1.03111434213947		
CELESTRAK	COSMOS 2251 DEB		1993-036AVV	35979														2026-08-02T13:39:06.105024	7016998.938781859	0.0059463	1.2917146887424993	2.47641800505747	3.8020706211049995	5.512671311643145		
CELESTRAK	COSMOS 2251 DEB		1993-036AVW	35980														2026-08-02T05:52:30.048672	7065457.072844326	0.00525371	1.2899798314660167	0.6118373865913762	2.0427176485708953	4.251885602575238		
CELESTRAK	COSMOS 2251 DEB		1993-036AVY	35982														2026-08-03T12:55:16.686048	7058483.521559055	0.00658521	1.2925018322351487	4.517872035249922	4.650433282597395	1.6216412585639952		
CELESTRAK	COSMOS 2251 DEB		1993-036AWF	35989														2026-08-02T07:11:08.976480	7145475.254202346	0.00235722	1.292159747701758	3.7713318823188753	4.29658173938956	1.9843032238358969		
CELESTRAK	COSMOS 2251 DEB		1993-036AWK	35993														2026-08-01T19:44:49.447392	7049116.663401688	0.00296289	1.2917356326935232	4.27472847182534	0.1258242764347752	6.16013435892623		
CELESTRAK	COSMOS 2251 DEB		1993-036AWN	35996														2026-07-24T03:07:30.182880	6903725.834378233	0.0082492	1.2919049296309668	0.010088003076527224	0.5587130548191728	5.73523395252821		
CELESTRAK	COSMOS 2251 DEB		1993-036AWP	35997														2026-08-03T00:40:51.383136	7095735.96964357	0.00145948	1.2922993740419175	1.8854896629049862	2.2676731358604445	4.019782991998772		
CELESTRAK	COSMOS 2251 DEB		1993-036AWX	36005														2026-08-02T11:59:16.215936	7111573.105649497	0.00600354	1.2920079040568344	0.32110567578191673	1.7060069839468974	4.591107795992856		
CELESTRAK	COSMOS 2251 DEB		1993-036AXA	36008														2026-07-31T08:06:28.492992	7177730.196438078	0.01665592	1.2915837890485997	3.6958219575605926	5.2694841149872635	0.9875893212532353		
CELESTRAK	COSMOS 2251 DEB		1993-036AXG	36045														2026-08-03T00:00:00.984096	7021184.079657851	0.0044872	1.2874002348315694	5.532892696356751	5.137830438850827	1.1392322533127628		
CELESTRAK	COSMOS 2251 DEB		1993-036AXH	36046														2026-07-29T16:46:18.369408	7050633.443547475	0.00582076	1.291784501912579	3.4012505223967455	4.9518516444168155	4.396690334625451		
CELESTRAK	COSMOS 2251 DEB		1993-036AXJ	36047														2026-07-28T11:20:07.385280	6910249.540432812	0.00091311	1.2920340839956141	3.9839880343696206	4.602216816681799	1.6812355258733416		
CELESTRAK	COSMOS 2251 DEB		1993-036AXK	36048														2026-08-02T02:23:16.991808	7142684.424316341	0.00274039	1.2924878696011328	4.0464202070427095	4.015704157536861	3.304136912157277		
CELESTRAK	COSMOS 2251 DEB		1993-036AXL	36049														2026-07-30T22:34:08.664384	7056926.452758609	0.00115676	1.292049791958882	0.6508262967516775	1.1774828891994704	5.109875500221634		
CELESTRAK	COSMOS 2251 DEB		1993-036AXM	36050														2026-08-02T23:43:34.002336	6931058.904161438	0.00804994	1.292060263934394	1.352483562638438	1.6654507681183048	4.63584931136773		
CELESTRAK	COSMOS 2251 DEB		1993-036AXQ	36053														2026-08-03T13:15:57.605184	7070581.781845087	0.002871	1.2892694824604551	1.0962674831164183	5.632680151010276	0.6490582782194072		
CELESTRAK	COSMOS 2251 DEB		1993-036AXV	36058														2026-08-03T12:41:37.220064	7072000.412446261	0.00454323	1.2919415815452586	5.36576520317353	0.3463885153263066	5.941891407939851		
CELESTRAK	COSMOS 2251 DEB		1993-036AXX	36060														2026-08-03T12:50:39.937344	7128502.055454737	0.00158359	1.2920532826173863	2.8066290635470414	3.660255638063452	2.623379964063149		
CELESTRAK	COSMOS 2251 DEB		1993-036AXY	36061														2026-08-03T11:10:57.652320	7156316.515914665	0.00396688	1.2919660161547863	5.0931255753902445	5.641258444283828	0.6391884412993792		
CELESTRAK	COSMOS 2251 DEB		1993-036AYL	36073														2026-08-03T11:06:39.406176	7152497.734926805	0.00260981	1.292070735909906	4.433324795624812	4.702253853418359	1.5777235385960622		
CELESTRAK	COSMOS 2251 DEB		1993-036AYM	36074														2026-08-03T03:27:16.265664	7119396.909617793	0.00461591	1.2913464242703285	4.621226942894522	5.293700558358684	0.9837967207886518		
CELESTRAK	COSMOS 2251 DEB		1993-036AYT	36366														2026-08-03T08:07:36.197760	7152308.491341585	0.0086336	1.2926466945630641	3.594596351603425	3.1307628855811687	3.154651207053215		
CELESTRAK	COSMOS 2251 DEB		1993-036AYU	36367														2026-08-03T05:02:56.463936	7316945.883941396	0.02623574	1.2932872303985463	3.443527632867804	3.75014882118742	2.5045858738554063		
CELESTRAK	COSMOS 2251 DEB		1993-036AYW	36369														2026-08-02T14:38:47.831712	7013368.038944854	0.00136184	1.292084698543922	5.840515703667013	6.2723695018049765	0.012833405989914306		
CELESTRAK	COSMOS 2251 DEB		1993-036AYY	36371														2026-07-28T21:37:06.565152	7021739.372453651	0.0008696	1.2917077074254912	1.3286772716412352	1.3170586148107088	4.969858206309641		
CELESTRAK	COSMOS 2251 DEB		1993-036AZG	36379														2026-07-29T11:36:25.155936	7148522.97184512	0.00473839	1.2917234153887593	4.295103445513122	5.584439250485153	1.8820147123642654		
CELESTRAK	COSMOS 2251 DEB		1993-036AZN	36385														2026-07-31T23:33:44.972928	7016303.303397495	0.0132156	1.2909694331518977	1.0546413804563535	3.123774587256183	3.161981589911591		
CELESTRAK	COSMOS 2251 DEB		1993-036AZT	36420														2026-08-03T06:03:45.281952	7146279.302151937	0.0019545	1.2921614930310097	3.597713509647487	4.24372269766366	2.2758953819665897		
CELESTRAK	COSMOS 2251 DEB		1993-036AZW	36423														2026-08-01T22:57:35.786880	6884439.8693659855	0.00410552	1.287485755964917	1.7228441752408865	1.128086580709527	5.164588081613153		
CELESTRAK	COSMOS 2251 DEB		1993-036BAD	36430														2026-07-31T05:31:22.832832	7175909.584622069	0.00959868	1.2915907703656078	0.8722998521834979	2.5566891880151936	3.7391898988141477		
CELESTRAK	COSMOS 2251 DEB		1993-036BAL	36437														2026-08-02T21:50:26.465856	7024119.10107707	0.00183705	1.290519138204883	5.185950911657564	1.7715475880177882	4.517287349950504		
CELESTRAK	COSMOS 2251 DEB		1993-036BAN	36439														2026-08-02T18:09:08.772192	7456207.187948031	0.04236208	1.2910462276389856	0.4299007747049833	5.447718883530177	0.7758023431699835		
CELESTRAK	COSMOS 2251 DEB		1993-036BAQ	36441														2026-08-01T17:05:34.035936	6912692.1579059325	0.01049284	1.2885818227351693	3.9392517549825015	4.818410751126336	1.446000049289546		
CELESTRAK	COSMOS 2251 DEB		1993-036BBA	36451														2026-08-02T13:15:45.928224	7204848.805473729	0.01827133	1.2907076337640986	4.834511413475985	0.8639519423712091	5.448732919825585		
CELESTRAK	COSMOS 2251 DEB		1993-036BBC	36453														2026-07-30T23:31:49.080288	7089891.619664405	0.00683792	1.2902049789395242	1.3012895650189404	5.008772067312107	2.459598267056001		
CELESTRAK	COSMOS 2251 DEB		1993-036BBJ	36459														2026-07-31T22:05:51.961056	7176497.3997612195	0.0117155	1.2923203179929412	5.2622968491275515	5.954712596625002	0.3229452528135187		
CELESTRAK	COSMOS 2251 DEB		1993-036BBS	36467														2026-07-17T19:53:53.077920	6922497.3285414325	0.00208716	1.2883671472371743	4.301377904174041	2.180664981990023	6.211570957311754		
CELESTRAK	COSMOS 2251 DEB		1993-036BBV	36470														2026-08-02T10:32:06.915552	6741413.481832343	0.00279413	1.2882763901160703	1.9959096633616595	3.4315302395895952	2.8521961196581094		
CELESTRAK	COSMOS 2251 DEB		1993-036BCN	36528														2026-08-01T21:22:51.364992	7165034.107109449	0.0084098	1.291798464546595	1.4287614322675979	1.3325815731779465	4.968926200489077		
CELESTRAK	COSMOS 2251 DEB		1993-036BCR	36531														2026-08-03T05:59:25.501344	7154592.94166785	0.01514831	1.2930568469372827	5.347673120147357	4.66955161922374	1.5853663353905452		
CELESTRAK	COSMOS 2251 DEB		1993-036BCT	36533														2026-08-02T04:29:10.113504	7102292.005040821	0.00475627	1.291719924730255	0.6549103672013443	2.2698425801206734	4.022676747898579		
CELESTRAK	COSMOS 2251 DEB		1993-036BCZ	36539														2026-08-03T14:14:28.129632	7069260.7482262775	0.00271652	1.2919695068132906	5.733886558345671	0.8544817858498879	5.434824391016442		
CELESTRAK	COSMOS 2251 DEB		1993-036BDA	36540														2026-08-03T15:32:11.218848	7069052.53570337	0.00142602	1.2920166307030945	1.64300757926691	1.9364515317339688	4.351433947121238		
CELESTRAK	COSMOS 2251 DEB		1993-036BDL	36550														2026-07-29T12:07:30.527616	7176983.097673057	0.0076664	1.2923046100296733	2.4200019823160055	2.3543479318437353	3.9417667744346256		
CELESTRAK	COSMOS 2251 DEB		1993-036BDM	36551														2026-08-03T12:15:27.605088	6904551.279045338	0.00348328	1.2895400084945143	4.345173451094335	2.6178158544077905	3.6709545063781768		
CELESTRAK	COSMOS 2251 DEB		1993-036BDT	36557														2026-08-03T03:34:10.632288	6985268.0548578035	0.00215283	1.2911823633206407	0.39401680528397987	1.9015938159131378	4.387726323587208		
CELESTRAK	COSMOS 2251 DEB		1993-036BDU	36558														2026-08-03T07:00:21.359232	7081610.788820858	0.00124276	1.2922662127861295	1.2524657245236506	1.786442227854308	4.501204140893375		
CELESTRAK	COSMOS 2251 DEB		1993-036BDV	36559														2026-07-31T18:32:50.814240	7278513.599086948	0.02611078	1.2937392706748125	5.825591393233209	5.452286410182645	0.7947601095051459		
CELESTRAK	COSMOS 2251 DEB		1993-036BEC	36614														2026-08-01T22:05:59.718048	7062451.579683074	0.0014841	1.2919223829234865	1.56921505849259	1.8681253821768946	4.419936374932764		
CELESTRAK	COSMOS 2251 DEB		1993-036BEL	36622														2026-08-02T19:08:16.160928	7013911.8216126645	0.00656405	1.291758321973799	0.8332899980721726	2.1741898104651245	4.1218987158744556		
CELESTRAK	COSMOS 2251 DEB		1993-036BEW	36632														2026-07-31T18:04:19.551648	7122883.105176849	0.00360584	1.291512230549268	3.8744197545879198	4.850243811353462	1.4278189544715212		
CELESTRAK	COSMOS 2251 DEB		1993-036BFE	37084														2026-08-01T19:19:08.755680	6932499.070826728	0.00900103	1.2919869601058105	0.8278131548794145	1.1437474200876718	5.157838893395691		
CELESTRAK	COSMOS 2251 DEB		1993-036BFK	37089														2026-08-01T20:15:36.536832	7081396.341716259	0.01301354	1.2921492757262458	1.152397271860556	1.8817075344159144	4.428375041866157		
CELESTRAK	COSMOS 2251 DEB		1993-036BFQ	37094														2026-07-20T22:14:56.422752	7139894.359690832	0.0081971	1.2934443100312256	1.3451339811582896	6.026237934700982	0.2547953815108962		
CELESTRAK	COSMOS 2251 DEB		1993-036BFR	37095														2026-07-22T05:22:06.894624	7257040.499788152	0.01924296	1.2888453674522207	2.7826779102219232	3.1117422873929343	3.17465268028107		
CELESTRAK	COSMOS 2251 DEB		1993-036BFX	37101														2026-08-02T02:24:27.940032	7046877.130997627	0.00435869	1.292140549079986	0.09937206629154915	0.5631531724362464	5.72670103781521		
CELESTRAK	COSMOS 2251 DEB		1993-036BGE	37108														2026-08-02T19:49:11.008704	7127301.053962804	0.00927637	1.2923133366759334	0.1479236354235274	0.47300168058298325	5.820575316962977		
CELESTRAK	COSMOS 2251 DEB		1993-036BGQ	37118														2026-08-03T01:38:00.160224	6993422.053772425	0.00060322	1.291807191192855	5.968656032019184	0.1740267797163546	6.111422219503068		
CELESTRAK	COSMOS 2251 DEB		1993-036BGY	37126														2026-08-03T09:36:45.869760	7027292.830081016	0.0119147	1.2906465472402788	4.477802766282635	1.3785762349557529	4.929998376852595		
CELESTRAK	COSMOS 2251 DEB		1993-036BHE	37132														2026-07-23T05:01:01.735104	7004593.019094494	0.00419035	1.291561099768324	2.7086200994012994	4.474237058620811	1.8028553041400626		
CELESTRAK	COSMOS 2251 DEB		1993-036BHJ	37270														2026-08-03T06:43:13.107648	7408634.910406643	0.03934145	1.2903917291694875	5.483560965049133	4.950310518687304	1.258867592219966		
CELESTRAK	COSMOS 2251 DEB		1993-036BHP	37275														2026-07-23T09:09:16.056576	7096926.010044064	0.00816038	1.2918141725098629	3.7137569609540866	0.7469188893787292	5.549312753959514		
CELESTRAK	COSMOS 2251 DEB		1993-036BHS	37278														2026-07-20T15:37:24.153600	7216395.439690378	0.0295524	1.2878034058887802	5.447348873728754	1.6841135738098805	5.752315489917478		
CELESTRAK	COSMOS 2251 DEB		1993-036BHU	37280														2026-07-26T19:40:04.355040	7202042.122305061	0.01334295	1.29208295321467	0.2178973757944841	1.5010058459953992	4.810774935648862		
CELESTRAK	COSMOS 2251 DEB		1993-036BHY	37284														2026-07-29T00:25:40.600992	7224915.4765258115	0.01608566	1.291786247241831	1.958807454122764	3.6655649296480184	2.8285451629643346		
CELESTRAK	COSMOS 2251 DEB		1993-036BJG	37292														2026-07-31T02:43:03.038304	7255265.746013161	0.02073747	1.2937497426503246	0.17890846563418275	5.506869837209517	0.749514193976445		
CELESTRAK	COSMOS 2251 DEB		1993-036BJH	37293														2026-07-12T12:11:06.502560	7115895.060100074	0.00633381	1.2901107311599165	4.2521735819018165	1.8449055218083619	4.452516436079742		
CELESTRAK	COSMOS 2251 DEB		1993-036BJK	37295														2026-08-02T21:50:47.708160	7050352.331778128	0.00462285	1.2916274222798996	3.343832680664636	5.421167189619587	0.8570456745210676		
CELESTRAK	COSMOS 2251 DEB		1993-036BJV	37305														2026-07-25T08:28:03.790560	7146924.547041402	0.00458843	1.2892049052781314	4.076684216272291	2.6234619945379922	3.6663049492508644		
CELESTRAK	COSMOS 2251 DEB		1993-036BKC	37312														2026-08-03T04:05:40.181280	7114148.103121774	0.00180448	1.292093425190182	2.2368768012090046	3.1440745117861293	3.1411283960087624		
CELESTRAK	COSMOS 2251 DEB		1993-036BKG	37316														2026-08-03T11:13:58.153152	6916106.625816653	0.00280322	1.2917373780227752	4.603517086974535	5.000982662860456	1.2789074626913648		
CELESTRAK	COSMOS 2251 DEB		1993-036BKL	37320														2026-07-29T02:41:48.003360	7002701.733825274	0.00442408	1.2923534792487292	2.2396187134638876	2.7788102605995038	3.5095935810435455		
CELESTRAK	COSMOS 2251 DEB		1993-036BKS	37326														2026-08-03T10:37:23.805696	7062765.411303282	0.00578918	1.2919154016064784	4.308139309696267	5.526522244586973	0.7507621043916208		
CELESTRAK	COSMOS 2251 DEB		1993-036BKW	37330														2026-08-03T06:19:20.893728	7070725.480104609	0.00574918	1.2918141725098629	3.648301878016543	6.220250479681923	0.06422986180264331		
CELESTRAK	COSMOS 2251 DEB		1993-036BKX	37331														2026-08-02T03:09:29.797632	7150805.757959548	0.00567019	1.2928456620977917	0.04547280833146026	5.577951861655489	0.699904955317758		
CELESTRAK	COSMOS 2251 DEB		1993-036BLC	37336														2026-07-28T11:05:59.567136	7160380.156389803	0.00309536	1.2922592314691215	4.807600181739484	5.210881194693051	1.0688762858356193		
CELESTRAK	COSMOS 2251 DEB		1993-036BLG	37340														2026-08-02T07:35:12.270336	7146056.239624553	0.00196405	1.2919503081915187	3.650834350761187	4.429755597304483	1.851670417989092		
CELESTRAK	COSMOS 2251 DEB		1993-036BLL	37483														2026-07-24T09:15:25.693920	7123788.736982	0.00932891	1.2910898608702854	1.5000965294551103	4.217610826724573	2.0511318808947596		
CELESTRAK	COSMOS 2251 DEB		1993-036BLM	37484														2026-07-25T12:54:24.079680	7127200.102557463	0.00374399	1.28844219639501	2.548367458141685	2.4505033563238587	5.889203408480646		
CELESTRAK	COSMOS 2251 DEB		1993-036BLP	37486														2026-08-03T07:03:19.295712	7218299.605389688	0.02181684	1.286206429623205	0.8973348549741046	4.2738837324673735	5.102508465448966		
CELESTRAK	COSMOS 2251 DEB		1993-036BLQ	37487														2026-08-02T08:38:49.416288	6963500.262843768	0.00281346	1.2896656722006579	1.4692216549873305	3.7841967042353253	2.497683096663769		
CELESTRAK	COSMOS 2251 DEB		1993-036BLU	37491														2026-08-01T18:15:50.946912	7356478.624452828	0.03125477	1.2898611490768812	4.2746673853015205	3.3976516534791332	2.871387760113039		
CELESTRAK	COSMOS 2251 DEB		1993-036BLZ	37496														2026-07-19T08:41:59.269920	6933250.643971765	0.00519014	1.2905592807776791	4.11455087972356	3.4835916658473343	2.7981886512843968		
CELESTRAK	COSMOS 2251 DEB		1993-036BMB	37498														2026-07-20T01:41:04.690752	7083026.233798095	0.00109101	1.2921772009942778	2.238170090184732	2.6263662224133113	3.659929261493329		
CELESTRAK	COSMOS 2251 DEB		1993-036BMC	37499														2026-08-03T02:01:51.150720	7154771.347163066	0.00292565	1.2921719650065218	4.44948654449828	4.830223139503834	1.4491625858941597		
CELESTRAK	COSMOS 2251 DEB		1993-036BMX	37518														2026-07-22T16:54:31.645152	6841026.895463196	0.00187599	1.2909257999205979	3.479701326944639	4.754805717195907	1.5267337444990476		
CELESTRAK	COSMOS 2251 DEB		1993-036BNH	37528														2026-08-03T05:39:35.456256	7099887.231708706	0.00197816	1.292164983689514	0.7514131122026146	2.314156489828809	3.973975080450929		
CELESTRAK	COSMOS 2251 DEB		1993-036BNK	37530														2026-08-02T11:50:30.254208	7153982.825537064	0.00281327	1.2921475303969938	4.664916024730443	4.819648189566002	2.5761688077967024		
CELESTRAK	COSMOS 2251 DEB		1993-036BNL	37531														2026-07-30T14:11:57.777216	7043976.980681964	0.00354992	1.2916797821574595	3.163988718551384	3.7371443729308105	2.5441001281205584		
CELESTRAK	COSMOS 2251 DEB		1993-036BNM	37532														2026-08-01T13:16:48.529344	7127590.6171117425	0.00158332	1.2924320190650689	2.547664090453131	3.430207280016583	5.91198693653618		
CELESTRAK	COSMOS 2251 DEB		1993-036BNN	37533														2026-08-03T11:22:13.475712	7226122.913536285	0.01566725	1.292786320903224	2.431378038380505	2.4495713505032937	3.8558215260786683		
CELESTRAK	COSMOS 2251 DEB		1993-036BNQ	37535														2026-08-03T01:57:42.155424	7071925.19382186	0.00273793	1.2919764881302984	6.081154719614983	1.1210843197505258	0.9199037075316434		
CELESTRAK	COSMOS 2251 DEB		1993-036BNS	37537														2026-08-02T05:01:30.897696	7144073.704793411	0.00527647	1.2917234153887593	3.430842579864309	4.921379941006247	1.3534993442630987		
CELESTRAK	COSMOS 2251 DEB		1993-036BPB	37546														2026-08-01T09:35:06.108864	6980270.884815629	0.000547	1.2918979483139588	6.243154435455844	6.218159575238033	0.06701366195957427		
CELESTRAK	COSMOS 2251 DEB		1993-036BPJ	37959														2026-08-03T14:02:57.805728	7073376.978991084	0.00569058	1.2917408686812792	5.773727189180946	0.9294384412352882	5.582545568246738		
CELESTRAK	COSMOS 2251 DEB		1993-036BPK	37960														2026-08-02T01:18:15.403680	7242278.934489662	0.02459058	1.2925978253440085	2.4340606094408197	1.794043136746743	4.539299442476656		
CELESTRAK	COSMOS 2251 DEB		1993-036BPL	37961														2026-08-01T19:58:19.062912	7072288.499867503	0.00395702	1.2922382875180976	0.9610638072814256	1.3390235834470574	4.953890188983145		
CELESTRAK	COSMOS 2251 DEB		1993-036BPS	37967														2026-08-02T23:56:33.430560	7128685.029802335	0.0147673	1.2917687939493112	1.1248891375198733	2.560398012675681	3.741210990087957		
CELESTRAK	COSMOS 2251 DEB		1993-036BPU	37969														2026-08-03T08:33:52.953696	7112669.888051136	0.01053296	1.2910898608702854	3.7880207206264447	6.262401926446838	0.02233672376702343		
CELESTRAK	COSMOS 2251 DEB		1993-036BPW	37971														2026-07-24T15:03:35.695872	7099491.904086098	0.00688885	1.2913848215138723	5.935444161682985	1.066169280165776	5.2310606915046085		
CELESTRAK	COSMOS 2251 DEB		1993-036BPY	37973														2026-07-24T12:27:31.179168	7127874.389403794	0.00386966	1.29207422656841	4.3362076947268395	4.754934871560556	1.5225362276480012		
CELESTRAK	COSMOS 2251 DEB		1993-036BQA	37975														2026-08-03T06:35:10.569696	6986867.651394226	0.00713722	1.291466851988716	3.866096279385159	2.738756699595486	3.552132490902403		
CELESTRAK	COSMOS 2251 DEB		1993-036BQL	37985														2026-08-03T07:03:55.264032	7151393.390433901	0.00226847	1.2919572895085265	3.438864113106475	4.65307222042641	1.6275963219718		
CELESTRAK	COSMOS 2251 DEB		1993-036BQP	37988														2026-07-31T05:10:39.268128	7034836.257873162	0.00630611	1.2926379679168045	5.193897395741893	4.839906226193899	1.432819322778485		
CELESTRAK	COSMOS 2251 DEB		1993-036BQU	37993														2026-07-31T22:06:31.788000	7063678.854738012	0.00214454	1.2919119109479746	1.4738345602003518	2.0654261274685934	4.223578107437142		
CELESTRAK	COSMOS 2251 DEB		1993-036BQV	37994														2026-08-03T09:04:58.315872	7136457.372463613	0.00242952	1.292140549079986	3.5617422737638837	4.067315288847586	2.2140042613616187		
CELESTRAK	COSMOS 2251 DEB		1993-036BQX	37996														2026-07-15T08:52:44.411808	7224983.963931481	0.02225683	1.2925925893562527	3.218371432714276	4.286561804153861	1.9578283244123948		
CELESTRAK	COSMOS 2251 DEB		1993-036BQZ	37998														2026-08-01T14:05:44.200896	7115982.530406898	0.00196912	1.2921824369820338	2.8377116321958082	3.2879594553205416	2.996677965796704		
CELESTRAK	COSMOS 2251 DEB		1993-036BRC	38001														2026-08-02T22:16:55.596000	7003524.599726818	0.00620958	1.291538410488048	0.5536114574155934	2.1461092081297872	0.46644273325398855		
CELESTRAK	COSMOS 2251 DEB		1993-036BRH	38006														2026-08-01T13:14:12.801984	7106660.045207618	0.00673538	1.2888523487692285	5.5718100480177215	3.9260919724224643	2.3495796923272865		
CELESTRAK	COSMOS 2251 DEB		1993-036BRL	38054														2026-08-03T01:43:35.420736	7400510.918364719	0.03482518	1.2906901804715785	4.251761684198346	3.08041711797814	3.754122935894211		
CELESTRAK	COSMOS 2251 DEB		1993-036BRM	38055														2026-07-31T23:50:28.227264	7009289.039714816	0.0064059	1.2916919994622234	1.9477281040311039	3.193924605881591	3.2824721401522714		
CELESTRAK	COSMOS 2251 DEB		1993-036BRN	38056														2026-08-02T11:19:28.522560	7304481.209180749	0.02757409	1.2900775699041285	4.135459924162452	3.129350914216305	3.1565815412059206		
CELESTRAK	COSMOS 2251 DEB		1993-036BRP	38057														2026-07-28T04:17:29.990112	7188560.589028343	0.0143291	1.2915645904268278	0.428448660767324	2.098763661510937	4.2113363680636535		
CELESTRAK	COSMOS 2251 DEB		1993-036BRQ	38058														2026-07-24T11:39:26.430912	7401975.956622558	0.03984629	1.291547137134308	4.99929667480303	2.157219974147983	4.1954591078582615		
CELESTRAK	COSMOS 2251 DEB		1993-036BRS	38060														2026-08-01T05:42:28.902528	7055568.0760131	0.00603489	1.2922365421888455	3.6746423870876415	4.521516282728086	1.7518515474090324		
CELESTRAK	COSMOS 2251 DEB		1993-036BRU	38062														2026-08-02T08:17:53.765952	6924038.405905708	0.00185259	1.2916221862921433	3.0713763124528093	4.3490568086800225	4.586864900581257		
CELESTRAK	COSMOS 2251 DEB		1993-036BRW	38064														2026-08-02T05:12:48.466368	7078652.126089772	0.00461989	1.2919154016064784	0.7358447752748253	1.7995095079639893	4.494718497392965		
CELESTRAK	COSMOS 2251 DEB		1993-036BRZ	38067														2026-07-31T05:26:01.759200	7065498.469145603	0.00720022	1.291803700534351	3.3696495909601363	4.946732593720716	1.5467544163486748		
CELESTRAK	COSMOS 2251 DEB		1993-036BSA	38068														2026-08-03T08:36:17.258112	7148848.948428657	0.00276232	1.2918804950214389	4.168804439521804	4.7851587382173415	1.4945289291412485		
CELESTRAK	COSMOS 2251 DEB		1993-036BSM	38197														2026-07-24T11:29:24.975456	6998243.966813497	0.01026482	1.2903864931817317	4.790707139909431	1.6583350607579244	4.647373720418649		
CELESTRAK	COSMOS 2251 DEB		1993-036BSP	38199														2026-08-02T19:52:34.592160	7395222.320920583	0.03663754	1.2907774469341784	0.6826942635638419	4.8851015271742915	1.3281815981336687		
CELESTRAK	COSMOS 2251 DEB		1993-036BSY	38208														2026-08-02T00:58:43.336704	6966245.678985275	0.00072573	1.2916134596458837	5.828448497218723	0.3040398463559162	1.767372760447018		
CELESTRAK	COSMOS 2251 DEB		1993-036BTC	38212														2026-08-03T08:09:25.508448	7010705.401398888	0.0092091	1.2924616896623529	5.898462380162476	5.972319478119119	0.3072931400816336		
CELESTRAK	COSMOS 2251 DEB		1993-036BTL	38220														2026-08-03T13:05:47.721408	6915861.965999383	0.00035093	1.2916867634744675	5.42874017324399	6.117106756876813	0.16804204571126605		
CELESTRAK	COSMOS 2251 DEB		1993-036BTP	38479														2026-08-03T01:41:12.154848	7135486.269138377	0.00825618	1.2916501115601755	1.9659650493851923	2.9076818819082613	4.546148114461482		
CELESTRAK	COSMOS 2251 DEB		1993-036BTR	38481														2026-07-30T23:53:00.745728	7286688.805871339	0.02257548	1.2904056918035034	5.747446021304414	3.9070539209417103	2.3464887142220046		
CELESTRAK	COSMOS 2251 DEB		1993-036BTT	38483														2026-07-29T13:29:59.233632	7170642.075741228	0.01136064	1.296100701152761	5.616261838736765	6.253373338226272	0.031112239246050916		
CELESTRAK	COSMOS 2251 DEB		1993-036BTW	38486														2026-08-01T11:29:56.946048	7006369.158924997	0.0031991	1.2904789956320872	1.8799395158836443	3.421958853971658	5.9163485143369146		
CELESTRAK	COSMOS 2251 DEB		1993-036BTX	38487														2026-08-01T09:30:54.248544	6796732.079783623	0.00183832	1.2907774469341784	4.495938482540109	5.948396250062034	0.3356931376700853		
CELESTRAK	COSMOS 2251 DEB		1993-036BTY	39109														2026-08-03T12:21:41.546016	7032349.926071042	0.00580454	1.2922871567371532	2.283857574014188	3.0797259675943502	6.2514360227565575		
CELESTRAK	COSMOS 2251 DEB		1993-036BTZ	39110														2026-07-30T01:23:02.328576	7028819.759347478	0.0093631	1.2908123535192182	5.806553341752455	2.6452716288709137	5.809591959980177		
CELESTRAK	COSMOS 2251 DEB		1993-036BUC	39546														2026-07-25T21:41:18.036672	6951517.698230177	0.00398954	1.291477323964228	0.7219222838316667	2.509076606020788	3.780917230570828		
CELESTRAK	COSMOS 2251 DEB		1993-036BUD	39547														2026-08-01T19:32:26.875680	6813532.44682386	0.00138131	1.291451144025448	4.373391934440579	5.065612205061806	1.2170913912442296		
CELESTRAK	COSMOS 2251 DEB		1993-036BUK	39553														2026-08-03T13:38:29.200992	7269509.608799806	0.02063219	1.2920253573493545	4.968146038313435	0.11235731592638694	6.1772979267903425		
CELESTRAK	COSMOS 2251 DEB		1993-036BUL	39554														2026-08-03T00:29:51.841824	6778113.272701262	0.00214782	1.291445908037692	2.244596392490575	3.3127867639301605	2.9717948066510207		
CELESTRAK	COSMOS 2251 DEB		1993-036BUN	39583														2026-08-03T02:23:24.445536	7057577.100264986	0.01320981	1.2903463506089357	2.73996795809637	3.8328861543782113	2.4353975316478476		
CELESTRAK	COSMOS 2251 DEB		1993-036BUQ	39585														2026-07-19T09:00:21.244032	7074052.275042254	0.00678268	1.2922382875180976	4.274864607506995	5.412503375212688	0.8623602020933901		
CELESTRAK	COSMOS 2251 DEB		1993-036BUR	39586														2026-07-28T05:00:40.747680	7198037.060978984	0.01024923	1.2916902541329713	3.136658607794405	4.579298898273862	1.91319152879264		
CELESTRAK	COSMOS 2251 DEB		1993-036BUW	39591														2026-08-02T05:39:54.254304	7128857.116002594	0.00307034	1.2918857310091947	3.059068250567745	4.12178876013158	3.2686753124152563		
CELESTRAK	COSMOS 2251 DEB		1993-036BUX	40218														2026-07-26T05:00:06.337152	7129798.033982029	0.00175831	1.292058518605142	3.330508837154911	3.9848990962391615	2.297678836360731		
CELESTRAK	COSMOS 2251 DEB		1993-036BVC	40223														2026-07-26T02:02:39.119136	6733461.68243458	0.0013462	1.2900321913435766	5.752764039535242	5.65986539943934	0.6238819037593891		
CELESTRAK	COSMOS 2251 DEB		1993-036BVH	40228														2026-07-16T18:35:13.154784	7132052.797841086	0.00243772	1.292472161637865	3.857498787489835	4.093914106647978	4.225660285234771		
CELESTRAK	COSMOS 2251 DEB		1993-036BVK	40230														2026-07-31T14:12:54.332064	7102234.979951391	0.0016773	1.2923081006881776	2.6810892757803413	2.808339486213996	0.23316900674943447		
CELESTRAK	COSMOS 2251 DEB		1993-036BVN	40233														2026-08-03T04:24:26.604864	7069736.45551899	0.00453202	1.2904912129368513	0.2665292300720541	0.6384833282815736	5.652110901572729		
CELESTRAK	COSMOS 2251 DEB		1993-036BVQ	40235														2026-07-14T06:04:48.371232	7030453.511684969	0.00118819	1.291805445863603	0.5567251248011512	1.542879785409247	0.510327291966134		
CELESTRAK	COSMOS 2251 DEB		1993-036BVR	40236														2026-07-31T11:19:55.296192	7543467.802654541	0.05349011	1.2835273492213939	2.442717442530712	6.269236635797648	0.014261085318045668		
CELESTRAK	COSMOS 2251 DEB		1993-036BVT	40238														2026-07-18T08:50:15.122976	7540857.241692155	0.05475192	1.2913586415750924	1.5569471391803218	0.3436570750469355	5.976797992979737		
CELESTRAK	COSMOS 2251 DEB		1993-036BVU	40239														2026-07-31T05:09:18.677664	7062502.907216245	0.00868013	1.292049791958882	3.388005218703361	4.339546509585905	2.1546176882332597		
CELESTRAK	COSMOS 2251 DEB		1993-036BVV	40792														2026-07-31T14:02:56.849280	7038971.155824509	0.001845	1.292334280626957	5.599407194150256	0.047689376481493066	0.17466382489333254		
CELESTRAK	COSMOS 2251 DEB		1993-036BVW	40793														2026-08-01T10:46:25.057632	7250117.852956537	0.02134719	1.2911736366743811	2.0648449328276794	3.907343645597541	2.3479408281596634		
CELESTRAK	COSMOS 2251 DEB		1993-036BVX	40794														2026-08-02T18:40:00.153984	6903936.969177947	0.00114796	1.2910148117124496	0.11021230627568593	1.5639790707366066	5.860993651780662		
CELESTRAK	COSMOS 2251 DEB		1993-036BVZ	40796														2026-08-02T19:03:11.727072	6993396.862106598	0.00527316	1.2917391233520272	0.6986675168780941	2.052351866041904	4.46815284084836		
CELESTRAK	COSMOS 2251 DEB		1993-036BWA	40797														2026-07-05T19:54:47.607552	6890920.977669207	0.00619183	1.2903847478524795	0.4550858758112615	4.296051159296955	1.9778821575178098		
CELESTRAK	COSMOS 2251 DEB		1993-036BWC	40799														2026-08-03T00:51:39.841056	6948078.225242961	0.01129132	1.290276537438856	5.975831080574133	2.9673721423264667	3.321867712028287		
CELESTRAK	COSMOS 2251 DEB		1993-036BWF	40802														2026-07-28T07:56:53.741184	7008944.350053018	0.00602225	1.2922260702133337	1.1464928230010591	1.839002818278117	4.457867615566356		
CELESTRAK	COSMOS 2251 DEB		1993-036BWG	40803														2026-08-01T07:51:15.437664	7096165.637865121	0.00317982	1.2917879925710831	5.845708058191695	2.3490857641489717	3.9406689623351214		
CELESTRAK	COSMOS 2251 DEB		1993-036BWM	40808														2026-08-02T19:36:02.439360	7035588.962284415	0.0008844	1.2922365421888455	0.9428512965368647	0.733434475577821	5.778334858406211		
CELESTRAK	COSMOS 2251 DEB		1993-036BWP	40810														2026-07-29T19:40:49.536192	7071136.374610553	0.00178912	1.2921754556650256	6.247327517697363	1.481142253778452	4.807640324312279		
CELESTRAK	COSMOS 2251 DEB		1993-036BWT	46271														2026-07-28T04:13:22.746144	7097572.444691584	0.00394026	1.292355224577981	0.17834646961504058	1.2557015649568481	5.036992295987603		
CELESTRAK	COSMOS 2251 DEB		1993-036BWU	46430														2026-08-01T21:24:39.286368	7088763.90780164	0.0089586	1.2899955394292848	4.796122896578369	2.5166007204261356	3.7791753919773377		
CELESTRAK	COSMOS 2251 DEB		1993-036BWW	46432														2026-07-21T04:45:46.157760	7498902.967159149	0.04737153	1.289292171740731	2.160988140003039	3.557797829654377	4.036084367212399		
CELESTRAK	COSMOS 2251 DEB		1993-036BWZ	47045														2026-07-29T09:52:47.790336	7139915.754434234	0.0029174	1.2925507014542046	1.534636595352078	3.0416917525348897	0.015716689914208937		
CELESTRAK	COSMOS 2251 DEB		1993-036BXC	47048														2026-07-21T12:57:59.155200	7088893.673865484	0.0130281	1.2911090594920571	4.547544377863077	0.5984978351183835	0.5659177739714054		
CELESTRAK	COSMOS 2251 DEB		1993-036BXF	47051														2026-08-03T13:22:18.154848	7385499.625388779	0.03424032	1.2932802490815383	2.8129803166950484	3.8443582035515695	4.560609912643506		
CELESTRAK	COSMOS 2251 DEB		1993-036BXG	47052														2026-07-28T23:13:42.469824	7150485.620676693	0.0060472	1.292404093797037	4.919590978522953	5.250042892449299	4.0849623129145		
CELESTRAK	COSMOS 2251 DEB		1993-036BXH	47053														2026-08-01T19:30:11.379744	7413143.44567682	0.03790455	1.2924948509181409	4.157449327408329	0.0003630284844148205	3.0663358015730493		
CELESTRAK	COSMOS 2251 DEB		1993-036BXS	47062														2026-07-22T09:03:02.799072	7368649.044129328	0.03251525	1.2929381645481473	1.2644718444481196	2.554645407461108	0.5185879353158231		
CELESTRAK	COSMOS 2251 DEB		1993-036BXX	47067														2026-07-29T09:59:29.119200	7151040.866861819	0.01651797	1.2950919008451083	1.5538055465267318	4.140060612070709	5.244452602855161		
CELESTRAK	COSMOS 2251 DEB		1993-036BXY	47068														2026-08-03T11:35:03.673824	7088316.64523141	0.00178859	1.2919607801670305	2.1177057198828315	2.7460399585640585	3.540560957961681		
CELESTRAK	COSMOS 2251 DEB		1993-036BXZ	47069														2026-08-02T17:43:44.356512	6977694.559934564	0.00030761	1.2917461046690353	0.159430591181926	5.867327451636149	0.41767125263625904		
CELESTRAK	COSMOS 2251 DEB		1993-036BYB	47071														2026-07-24T07:21:12.750912	7078203.287922754	0.0082527	1.2880878945568552	3.3212184495465453	0.29023952796039704	5.999644352888343		
CELESTRAK	COSMOS 2251 DEB		1993-036BYD	47073														2026-07-28T03:56:09.137760	7254246.860439988	0.01602466	1.2929294379018874	2.897593878831734	2.608429473690565	3.6932423609261447		
CELESTRAK	COSMOS 2251 DEB		1993-036BYE	47074														2026-07-20T21:22:21.156096	7144364.45112594	0.01387553	1.2931528400461427	4.629606268633347	4.1625003102636	4.162872065394274		
CELESTRAK	COSMOS 2251 DEB		1993-036BYJ	47116														2026-08-01T04:53:52.376352	6913239.953561933	0.0021276	1.2918979483139588	2.2060752305698084	3.1281797982882167	5.78573854509317		
CELESTRAK	COSMOS 2251 DEB		1993-036BYM	47119														2026-08-01T07:06:29.152800	7058375.928605738	0.00887803	1.29274792365968	1.237714201685795	0.7976678280389685	1.307825823067659		
CELESTRAK	COSMOS 2251 DEB		1993-036BYP	53093														2026-08-03T10:00:34.724448	7126798.341180317	0.00224884	1.292110878482702	3.977659470501889	4.492020218369382	1.7887949316859963		